Workbook

Sheet Overview
A1: CityShield Parametric Insurance - User Journey & Service Mapping
A3: 1. Application summary
A4: Application | B4: CityShield - parametric (index-based) insurance platform. Policies pay out automatically when a measured weather/environmental index (rainfall, river level, temperature, wind...) in a location zone crosses the threshold captured in the policy, without a traditional loss-adjustment process.
A5: Architecture | B5: Microservices: Spring Boot 4.1 / Spring Cloud 2025.1.3, fully reactive (WebFlux functional routers + R2DBC), Netflix Eureka discovery, Spring Cloud Gateway (WebFlux) as edge, JWT (jjwt) auth, synchronous REST between services via @LoadBalanced WebClient (no message broker).
A6: Frontend | B6: Angular 21 SPA (standalone components, lazy routes) + NgRx 21 store/effects; role-based layouts (Public, Customer, Underwriter, Claims Officer, Admin); HTTP interceptors add Bearer token and refresh on 401; notifications pushed via SSE (EventSource).
A7: Persistence | B7: One embedded H2 file database per service under ~/.cityshield/data (database-per-service); claim evidence files under ~/.cityshield/uploads. Schema from schema.sql on startup.
A8: Roles | B8: ROLE_CUSTOMER, ROLE_UNDERWRITER, ROLE_CLAIMS_OFFICER, ROLE_CLAIMS_REVIEWER (mapped to CLAIMS_OFFICER by gateway), ROLE_ADMIN.
A9: Entry point | B9: Browser -> http://localhost:8080 (API Gateway). Services: Eureka 8761, Auth 8081, Product 8082, Claims 8083, Notification 8085, Trigger 8087, Financial 8088.
A10: Core business loop | B10: Admin configures product + trigger -> Customer quotes and applies -> Underwriter approves -> Customer pays premium -> Measurement/observation breaches threshold -> Trigger event -> automatic claim per matching policy -> Claims officer approves -> Payout created -> Admin disburses -> receipt; notifications + audit at every step.
A12: 2. Key figures (live formulas over the detail sheets)
A13: Backend microservices (business) | B13: =COUNTA(Microservices!A4:A11)-2 -> 6 | C13: Excludes Eureka and Gateway rows
A14: Total REST endpoints | B14: =COUNTA('API Endpoints'!A4:A399) -> 207 | C14: All routes parsed from router classes
A15: - Public endpoints | B15: =COUNTIF('API Endpoints'!H4:H399,"Public") -> 11 | C15: No role required by the service
A16: - Secured endpoints | B16: =COUNTIF('API Endpoints'!H4:H399,"Secured") -> 171 | C16: JWT + role
A17: - Internal (service-to-service) | B17: =COUNTIF('API Endpoints'!H4:H399,"Internal") -> 25 | C17: /internal/** paths
A18: Inter-service call paths | B18: =COUNTA('Inter-Service Calls'!A5:A200) -> 33 | C18: Distinct client -> endpoint usages
A19: Scheduled jobs | B19: =COUNTA(#REF!) -> 1 | C19: @Scheduled tasks
A20: Frontend routes | B20: =COUNTA('Frontend Pages'!A5:A200) -> 53 | C20: Angular routes
A21: User journeys | B21: =COUNTA(A25:A44) -> 20 | C21: Detailed in UJ-xx sheets
A23: 3. User journey index (click to open)
A24: Journey ID | B24: Journey | C24: Primary actor(s) | D24: Services involved | E24: Steps | F24: Goal
A25: UJ-01 | B25: Customer Registration, Login & Session | C25: Customer (guest) | D25: Angular SPA, API Gateway, Auth-Svc, Notification-Svc | E25: =COUNTA('UJ-01'!A13:A60) -> 7 | F25: Create an account, sign in, keep the session alive and sign out.
A26: UJ-02 | B26: Browse Product Catalogue (public) | C26: Guest / Customer | D26: Angular SPA, API Gateway (public paths), Product-Svc | E26: =COUNTA('UJ-02'!A13:A60) -> 3 | F26: Discover available parametric insurance products and their trigger rules.
A27: UJ-03 | B27: Customer Profile Management | C27: Customer | D27: Angular SPA, Gateway, Auth-Svc, Notification-Svc | E27: =COUNTA('UJ-03'!A13:A60) -> 3 | F27: Maintain personal details used on policies and claims.
A28: UJ-04 | B28: Get a Quote and Accept It | C28: Customer | D28: Angular SPA, Gateway, Financial-Svc, Product-Svc, Trigger-Svc, Notification-Svc | E28: =COUNTA('UJ-04'!A13:A60) -> 4 | F28: Obtain a priced, time-limited quote for a product, zone, sum insured and term.
A29: UJ-05 | B29: Apply for a Policy (standard product) | C29: Customer | D29: Angular SPA, Gateway, Product-Svc, Financial-Svc, Trigger-Svc, Notification-Svc | E29: =COUNTA('UJ-05'!A13:A60) -> 6 | F29: Submit a policy application on a catalogue product, with or without an accepted quote.
A30: UJ-06 | B30: Custom (Customer-Defined) Parametric Policy | C30: Customer | D30: Angular SPA, Gateway, Product-Svc, Trigger-Svc, Financial-Svc, Notification-Svc | E30: =COUNTA('UJ-06'!A13:A60) -> 3 | F30: Design an own trigger (peril, measurement, threshold, window) and apply for cover on it.
A31: UJ-07 | B31: Underwriting Review (Approve / Reject Policy) | C31: Underwriter (or Admin) | D31: Angular SPA, Gateway, Product-Svc, Trigger-Svc, Notification-Svc | E31: =COUNTA('UJ-07'!A13:A60) -> 5 | F31: Decide on pending policy applications.
A32: UJ-08 | B32: Premium Payment (mock gateway) | C32: Customer, Admin | D32: Angular SPA, Gateway, Financial-Svc, Product-Svc, Notification-Svc | E32: =COUNTA('UJ-08'!A13:A60) -> 6 | F32: Pay the premium for a policy and confirm the payment.
A33: UJ-09 | B33: Policy Servicing (view, certificate, renew, auto-renew, cancel) | C33: Customer | D33: Angular SPA, Gateway, Product-Svc, Trigger-Svc, Financial-Svc, Notification-Svc | E33: =COUNTA('UJ-09'!A13:A60) -> 7 | F33: Manage an existing policy over its life.
A34: UJ-10 | B34: Admin Product Setup & Trigger Threshold Management | C34: Admin | D34: Angular SPA, Gateway, Product-Svc, Trigger-Svc, Financial-Svc, Notification-Svc | E34: =COUNTA('UJ-10'!A13:A60) -> 7 | F34: Create, configure, activate and tune parametric products.
A35: UJ-11 | B35: Admin Reference Data: Zones, Perils, Pricing Rules | C35: Admin | D35: Angular SPA, Gateway, Trigger-Svc, Financial-Svc, Product-Svc, Notification-Svc | E35: =COUNTA('UJ-11'!A13:A60) -> 5 | F35: Maintain the geographic zones, peril catalogue and pricing rules used by products, quotes and triggers.
A36: UJ-12 | B36: Automatic Parametric Claim via Measurement Console (primary flow) | C36: Admin (measurement operator), System, Customer | D36: Angular SPA, Gateway, Trigger-Svc, Product-Svc, Claims-Svc, Notification-Svc | E36: =COUNTA('UJ-12'!A13:A60) -> 7 | F36: Record a live measurement; if it breaches any active policy's captured trigger, create a trigger event and automatic claims for every matching policy.
A37: UJ-13 | B37: Trigger Monitoring, Event Validation & Verification (definition-based flow) | C37: System (monitor), Admin | D37: Trigger-Svc, Product-Svc, Claims-Svc, Notification-Svc, Angular SPA | E37: =COUNTA('UJ-13'!A13:A60) -> 10 | F37: Detect threshold breaches from validated observations and approve them into claims.
A38: UJ-14 | B38: Demo Observation & Threshold Simulation | C38: Admin | D38: Trigger-Svc, Product-Svc, Claims-Svc, Notification-Svc | E38: =COUNTA('UJ-14'!A13:A60) -> 6 | F38: Demonstrate end-to-end: record an observation that crosses the threshold and watch claims appear.
A39: UJ-15 | B39: Customer Manual Claim (exception) with Evidence | C39: Customer | D39: Angular SPA, Gateway, Claims-Svc, Product-Svc, Trigger-Svc, Notification-Svc | E39: =COUNTA('UJ-15'!A13:A60) -> 5 | F39: Claim when a loss occurred but no automatic claim was created (or file a trigger claim manually).
A40: UJ-16 | B40: Claims Officer Review (start, approve -> payout, reject, settle) | C40: Claims Officer (or Admin) | D40: Angular SPA, Gateway, Claims-Svc, Financial-Svc, Notification-Svc | E40: =COUNTA('UJ-16'!A13:A60) -> 8 | F40: Adjudicate submitted claims and trigger payout.
A41: UJ-17 | B41: Payout Disbursement & Receipt | C41: Admin, Customer | D41: Angular SPA, Gateway, Financial-Svc, Trigger-Svc, Product-Svc, Notification-Svc | E41: =COUNTA('UJ-17'!A13:A60) -> 7 | F41: Pay approved claim amounts to customers and provide receipts.
A42: UJ-18 | B42: Notifications, Real-time Push, Preferences & Audit | C42: All roles | D42: Angular SPA, Gateway, Notification-Svc | E42: =COUNTA('UJ-18'!A13:A60) -> 9 | F42: Receive and manage notifications; staff/admin review audit trails.
A43: UJ-19 | B43: Admin User Management & Dashboards | C43: Admin | D43: Angular SPA, Gateway, Auth-Svc, Product-Svc, Financial-Svc | E43: =COUNTA('UJ-19'!A13:A60) -> 6 | F43: Oversee users and platform KPIs.
A44: UJ-20 | B44: Background System Jobs (no user) | C44: System schedulers | D44: Product-Svc, Financial-Svc, Trigger-Svc, Notification-Svc | E44: =COUNTA('UJ-20'!A13:A60) -> 10 | F44: Keep policies, payments, payouts, pricing and triggers consistent without manual action.
A46: 4. Sheet guide
A47: Architecture | B47: Request lifecycle, security model, headers, discovery, tech stack.
A48: Microservices | B48: One row per service: port, Eureka id, DB, tables, enums, components, dependencies, endpoint counts.
A49: API Endpoints | B49: Every endpoint (207): method, path, access, roles, handler -> service method, business description, downstream calls, which Angular service/page calls it.
A50: Service Methods | B50: Public methods of every handler / service / client / scheduler class (signatures).
A51: Inter-Service Calls | B51: Every synchronous service-to-service REST call: caller class/method, target endpoint and handler, purpose, failure handling.
A52: Scheduled Jobs | B52: Background jobs with schedule and effect.
A53: Data Model | B53: Tables per service and status/enum values.
A54: Status Lifecycles | B54: State machines for policy, quote, payment, payout, claim, trigger event, observation.
A55: Frontend Pages | B55: Every Angular route: layout, role, component, NgRx actions, Angular service methods, backend endpoints.
A56: UJ-01 ... UJ-20 | B56: Step-by-step journey maps: actor, screen, action, frontend call, HTTP + endpoint, target service, handler & service method, rules, inter-service hops, DB, status transition, notifications, result.
A57: Findings | B57: Gaps and risks noticed while mapping (security, dead routes, doc mismatches).

Sheet Microservices
A1: Microservices Catalogue
A3: Service | B3: Eureka name | C3: Port | D3: Responsibility | E3: Gateway routes | F3: Database | G3: Tables | H3: Enums / status values | I3: Routers | J3: Handlers | K3: Services & clients | L3: Schedulers | M3: Calls out to | N3: Called by | O3: # Endpoints | P3: # Public | Q3: # Secured | R3: # Internal
A4: Eureka Server | B4: EUREKA-SERVER | C4: 8761 | D4: Service discovery registry. Every service registers here; the gateway and inter-service WebClients resolve lb://<NAME> through it. | E4: /eureka actuator via /eureka/actuator | F4: None | G4: - | H4: - | I4: - | J4: - | K4: - | L4: - | M4: - | N4: All services (registration / lookup) | O4: =COUNTIFS('API Endpoints'!B$4:B$399,A4) -> 0 | P4: =COUNTIFS('API Endpoints'!B$4:B$399,A4,'API Endpoints'!H$4:H$399,"Public") -> 0 | Q4: =COUNTIFS('API Endpoints'!B$4:B$399,A4,'API Endpoints'!H$4:H$399,"Secured") -> 0 | R4: =COUNTIFS('API Endpoints'!B$4:B$399,A4,'API Endpoints'!H$4:H$399,"Internal") -> 0
A5: API Gateway | B5: API-GATEWAY | C5: 8080 | D5: Single entry point for the Angular SPA. Routes /api/** to services via Eureka load balancing, validates JWTs (GatewayJwtFilter), strips spoofable identity headers and injects X-Gateway-Key + X-Authenticated-User-Id/User/Role/Customer-Id. Proxies each service's actuator under /<svc>/actuator. | E5: (edge) /<svc>/actuator/** | F5: None | G5: - | H5: - | I5: - | J5: - | K5: - | L5: - | M5: All services (routing) | N5: Angular SPA | O5: =COUNTIFS('API Endpoints'!B$4:B$399,A5) -> 0 | P5: =COUNTIFS('API Endpoints'!B$4:B$399,A5,'API Endpoints'!H$4:H$399,"Public") -> 0 | Q5: =COUNTIFS('API Endpoints'!B$4:B$399,A5,'API Endpoints'!H$4:H$399,"Secured") -> 0 | R5: =COUNTIFS('API Endpoints'!B$4:B$399,A5,'API Endpoints'!H$4:H$399,"Internal") -> 0
A6: Auth Service | B6: AUTH-SERVICE | C6: 8081 | D6: Identity & access: registration, login, JWT access/refresh tokens, sessions, email verification, password reset, customer profiles and admin user management. Seeds staff accounts (StaffDataLoader). | E6: /api/auth/**, /api/users/** | F6: H2 file (R2DBC) - ~/.cityshield/data (AuthDatabaseConfig) | G6: addresses, email_verification_tokens, password_reset_tokens, refresh_tokens, roles, sessions, users_credentials, user_profiles, user_roles | H6: CustomerSegment: INDIVIDUAL, FARMER, SMALL_BUSINESS, ENTERPRISE; UserStatus: ACTIVE, SUSPENDED, INACTIVE | I6: AuthRouter, UserRouter | J6: AuthHandler, EmailVerificationHandler, PasswordResetHandler, UserHandler | K6: AuthService, EmailVerificationService, NotificationServiceClient, PasswordResetService, UserProfileService | L6: - | M6: Notification-Svc | N6: Gateway | O6: =COUNTIFS('API Endpoints'!B$4:B$399,A6) -> 18 | P6: =COUNTIFS('API Endpoints'!B$4:B$399,A6,'API Endpoints'!H$4:H$399,"Public") -> 7 | Q6: =COUNTIFS('API Endpoints'!B$4:B$399,A6,'API Endpoints'!H$4:H$399,"Secured") -> 11 | R6: =COUNTIFS('API Endpoints'!B$4:B$399,A6,'API Endpoints'!H$4:H$399,"Internal") -> 0
A7: Product & Policy Service | B7: PRODUCT-SERVICE | C7: 8082 | D7: Insurance product catalogue with parametric trigger configuration, policy applications, underwriting decisions, trigger snapshots, certificates, renewals/expiry, and the verified-event hook that creates automatic claims. | E7: /api/products/**, /api/policies/**, /internal/products/**, /internal/policies/** | F7: H2 file (R2DBC) - productdb | G7: coverages, policies, policy_status_history, policy_trigger_snapshots, products, product_threshold_history | H7: AggregationType: SUM, AVERAGE, MIN, MAX, LATEST; ComparisonOperator: GREATER_THAN, GREATER_THAN_OR_EQUAL, LESS_THAN, LESS_THAN_OR_EQUAL, EQUAL; MeasurementType: RAINFALL, WATER_LEVEL, TEMPERATURE, WIND_SPEED, HUMIDITY, SOIL_MOISTURE, OTHER; MeasurementUnit: MM, CM, METER, CELSIUS, KELVIN, KM_PER_HOUR, METERS_PER_SECOND, PERCENTAGE, OTHER; PerilType: EXCESS_RAINFALL, FLOOD, DROUGHT, EXTREME_TEMPERATURE, CYCLONE, HIGH_WIND, OTHER; PolicyStatus: PENDING, ACTIVE, REJECTED, CANCELLED, EXPIRED; ProductCategory: WEATHER, FLOOD, AGRICULTURE, BUSINESS_INTERRUPTION, TRAVEL, CYCLONE, OTHER; ProductStatus: DRAFT, ACTIVE, INACTIVE, ARCHIVED; TriggerSyncStatus: PENDING, SYNCED, FAILED | I7: InternalPolicyRouter, PolicyLifecycleRouter, PolicyRouter, ProductRouter | J7: InternalPolicyHandler, PolicyHandler, PolicyLifecycleHandler, ProductHandler | K7: NotificationService, NotificationServiceClient, PolicyCertificateService, PolicyService, ProductService, ClaimsServiceClient, FinancialServiceClient, TriggerServiceClient | L7: PolicyExpiryScheduler, PolicyRenewalScheduler (config pkg) | M7: Trigger-Svc, Financial-Svc, Claims-Svc, Notification-Svc | N7: Gateway, Trigger-Svc, Financial-Svc, Claims-Svc | O7: =COUNTIFS('API Endpoints'!B$4:B$399,A7) -> 38 | P7: =COUNTIFS('API Endpoints'!B$4:B$399,A7,'API Endpoints'!H$4:H$399,"Public") -> 4 | Q7: =COUNTIFS('API Endpoints'!B$4:B$399,A7,'API Endpoints'!H$4:H$399,"Secured") -> 27 | R7: =COUNTIFS('API Endpoints'!B$4:B$399,A7,'API Endpoints'!H$4:H$399,"Internal") -> 7
A8: Claims Service | B8: CLAIMS-SERVICE | C8: 8083 | D8: Claims lifecycle: automatic (trigger) and manual-exception claims, evidence documents, officer review (start/approve/reject/settle), timeline; requests payouts on approval. | E8: /api/claims/** | F8: H2 file (R2DBC) - claimsdb (+ uploads dir ~/.cityshield/uploads) | G8: claims, claim_documents, claim_timeline | H8: ClaimSource: AUTO_TRIGGERED, MANUAL_EXCEPTION; ClaimStatus: SUBMITTED, UNDER_REVIEW, APPROVED, SETTLED, REJECTED, CANCELLED; TriggerDetectionStatus: DETECTED, NOT_DETECTED, UNDER_INVESTIGATION, CONFIRMED_MANUALLY, NOT_CONFIRMED | I8: ClaimDocumentRouter, ClaimRouter | J8: ClaimDocumentHandler, ClaimHandler | K8: ClaimDocumentService, ClaimService, FinancialServiceClient, NotificationService, NotificationServiceClient, TriggerEligibilityClient | L8: - | M8: Product-Svc, Trigger-Svc, Financial-Svc, Notification-Svc | N8: Gateway, Product-Svc, Trigger-Svc, Financial-Svc | O8: =COUNTIFS('API Endpoints'!B$4:B$399,A8) -> 25 | P8: =COUNTIFS('API Endpoints'!B$4:B$399,A8,'API Endpoints'!H$4:H$399,"Public") -> 0 | Q8: =COUNTIFS('API Endpoints'!B$4:B$399,A8,'API Endpoints'!H$4:H$399,"Secured") -> 22 | R8: =COUNTIFS('API Endpoints'!B$4:B$399,A8,'API Endpoints'!H$4:H$399,"Internal") -> 3
A9: Trigger Service | B9: TRIGGER-SERVICE | C9: 8087 | D9: Parametric engine: location zones, perils, trigger definitions, observations & validation, evaluations, monitor scans, trigger events (detect/validate/verify/process), current measurements, policy eligibility, demo feed/simulation. | E9: /api/triggers/** | F9: H2 file (R2DBC) - triggerdb | G9: current_measurements, idempotency_records, location_zones, monitor_checkpoints, monitor_runs, observations, perils, trigger_definitions, trigger_evaluations, trigger_events | H9: AggregationType: SUM, AVERAGE, MINIMUM, MAXIMUM, LATEST; ComparisonOperator: GREATER_THAN, GREATER_THAN_OR_EQUAL, LESS_THAN, LESS_THAN_OR_EQUAL, EQUAL; LocationZoneStatus: ACTIVE, INACTIVE, ARCHIVED; MeasurementType: RAINFALL, TEMPERATURE, WIND_SPEED, HUMIDITY, RIVER_LEVEL, SOIL_MOISTURE, OTHER; MeasurementUnit: MM, CM, CELSIUS, KELVIN, KM_PER_HOUR, METERS_PER_SECOND, PERCENTAGE, METER, OTHER; MonitorRunStatus: RUNNING, COMPLETED, FAILED; ObservationSource: MOCK, MANUAL, WEATHER_API, SENSOR; ObservationStatus: RECEIVED, VALIDATED, REJECTED; PerilStatus: ACTIVE, INACTIVE, ARCHIVED; TriggerDefinitionStatus: DRAFT, ACTIVE, INACTIVE, ARCHIVED; TriggerEvaluationResult: MATCHED, NOT_MATCHED, INSUFFICIENT_OBSERVATIONS; TriggerEventStatus: DETECTED, UNDER_VALIDATION, VERIFIED, REJECTED, PROCESSED | I9: DemoObservationRouter, DemoSimulationRouter, LocationZoneRouter, MeasurementRouter, MonitorRunRouter, ObservationRouter, ObservationValidationRouter, PerilRouter, PolicyTriggerEligibilityRouter, TriggerDefinitionRouter, TriggerEvaluationRouter, TriggerEventRouter, ZoneMeasurementRouter | J9: DemoObservationHandler, DemoSimulationHandler, LocationZoneHandler, MeasurementHandler, MonitorRunHandler, ObservationHandler, ObservationValidationHandler, PerilHandler, PolicyTriggerEligibilityHandler, TriggerDefinitionHandler, TriggerEvaluationHandler, TriggerEventHandler | K9: DemoObservationService, DemoSimulationService, IdempotencyService, LocationZoneService, MeasurementService, MonitorRunService, NotificationService, NotificationServiceClient, ObservationService, ObservationValidationService, PerilService, PolicyTriggerEligibilityService, ProductTriggerSyncService, TriggerDefinitionService, TriggerEvaluationService, TriggerEventService, ZoneMeasurementService, ClaimsServiceClient, InternalNotificationClient, ProductTriggerClient | L9: MonitorRunService.runScheduledScan, DemoObservationGenerator | M9: Product-Svc, Claims-Svc, Notification-Svc | N9: Gateway, Product-Svc, Financial-Svc, Claims-Svc | O9: =COUNTIFS('API Endpoints'!B$4:B$399,A9) -> 63 | P9: =COUNTIFS('API Endpoints'!B$4:B$399,A9,'API Endpoints'!H$4:H$399,"Public") -> 0 | Q9: =COUNTIFS('API Endpoints'!B$4:B$399,A9,'API Endpoints'!H$4:H$399,"Secured") -> 56 | R9: =COUNTIFS('API Endpoints'!B$4:B$399,A9,'API Endpoints'!H$4:H$399,"Internal") -> 7
A10: Financial Service | B10: FINANCIAL-SERVICE | C10: 8088 | D10: Money: pricing rules, quotes, premium calculation, payments (mock gateway), payouts, receipts, financial ledger, reconciliation, reminders and retries, admin metrics. | E10: /api/financial/** | F10: H2 file (R2DBC) - financialdb | G10: financial_transactions, payments, payouts, pricing_rules, quotes, reconciliation_records | H10: PaymentMethod: MOCK_CARD, MOCK_BANK_TRANSFER, MOCK_UPI; PaymentStatus: PENDING, SUCCESS, FAILED, REFUNDED; PayoutStatus: PENDING, PROCESSING, SUCCESS, FAILED; PricingRuleStatus: DRAFT, ACTIVE, INACTIVE, ARCHIVED; QuoteStatus: CREATED, ACCEPTED, EXPIRED, CANCELLED, CONSUMED | I10: FinancialRouter, PayoutReceiptRouter | J10: MetricsHandler, PaymentHandler, PayoutHandler, PayoutReceiptHandler, PricingRuleHandler, QuoteHandler | K10: ClaimsServiceClient, DefaultPricingRuleProvisioner, FinancialTransactionService, MetricsService, NotificationService, NotificationServiceClient, PaymentService, PayoutReceiptService, PayoutService, PricingRuleService, ProductServiceClient, QuoteService, TriggerServiceClient | L10: DefaultPricingRuleScheduler, PaymentRetryScheduler, PayoutRetryScheduler, PremiumReminderScheduler, ReconciliationScheduler | M10: Product-Svc, Trigger-Svc, Claims-Svc, Notification-Svc | N10: Gateway, Product-Svc, Claims-Svc | O10: =COUNTIFS('API Endpoints'!B$4:B$399,A10) -> 36 | P10: =COUNTIFS('API Endpoints'!B$4:B$399,A10,'API Endpoints'!H$4:H$399,"Public") -> 0 | Q10: =COUNTIFS('API Endpoints'!B$4:B$399,A10,'API Endpoints'!H$4:H$399,"Secured") -> 30 | R10: =COUNTIFS('API Endpoints'!B$4:B$399,A10,'API Endpoints'!H$4:H$399,"Internal") -> 6
A11: Notification Service | B11: NOTIFICATION-SERVICE | C11: 8085 | D11: In-app notifications (SSE live stream), templates, preferences, delivery attempts and the central audit-event log used by every service. | E11: /api/notifications/** | F11: H2 file (R2DBC) - notificationdb | G11: audit_events, default_templates, delivery_attempts, notifications, notification_preferences, notification_templates | H11: DeliveryChannel: IN_APP; DeliveryStatus: CREATED; NotificationType: POLICY_SUBMITTED, POLICY_APPROVED, POLICY_REJECTED, POLICY_CANCELLED, POLICY_EXPIRED, POLICY_RENEWAL_DUE, POLICY_DOCUMENT_REQUESTED, PRODUCT_CREATED, PRODUCT_UPDATED, CLAIM_SUBMITTED, CLAIM_UNDER_REVIEW, CLAIM_APPROVED, CLAIM_REJECTED, CLAIM_CANCELLED, CLAIM_SETTLED, MANUAL_CLAIM_SUBMITTED, MANUAL_CLAIM_INVESTIGATION_STARTED, MANUAL_CLAIM_INVESTIGATION_COMPLETED, AUTOMATIC_CLAIM_CREATED, CLAIM_DOCUMENT_REQUESTED, CLAIM_REMINDER, CLAIM_ESCALATED, CLAIM_PAYMENT_INITIATED, TRIGGER_DETECTED, TRIGGER_VERIFIED, TRIGGER_REJECTED, TRIGGER_PROCESSED, THRESHOLD_APPROACHING, TRIGGER_THRESHOLD_EXCEEDED, TRIGGER_EVENT_DETECTED, TRIGGER_EVENT_VERIFIED, TRIGGER_EVENT_REJECTED, MANUAL_TRIGGER_CONFIRMED, MANUAL_TRIGGER_NOT_CONFIRMED, PARAMETRIC_COVERAGE_TRIGGERED, OBSERVATION_CREATED, PERIL_CREATED, TRIGGER_DEFINITION_CREATED, LOCATION_ZONE_CREATED, PAYMENT_SUCCESS, PAYMENT_FAILED, PAYMENT_PENDING, PAYMENT_RETRY, PAYMENT_REFUNDED, PAYOUT_PROCESSED, PAYOUT_INITIATED, PAYOUT_SUCCESS, PAYOUT_FAILED, PAYOUT_PENDING, PAYOUT_RETRY, QUOTE_CREATED, QUOTE_EXPIRED, QUOTE_CONSUMED, PREMIUM_DUE, PREMIUM_OVERDUE, REFUND_PROCESSED, REFUND_FAILED, RECONCILIATION_COMPLETED, RECONCILIATION_DISCREPANCY, PRICING_RULE_CREATED, PRICING_RULE_UPDATED, GENERAL; RelatedEntityType: POLICY, CLAIM, TRIGGER_EVENT, PAYMENT, PAYOUT, QUOTE, PRICING_RULE, RECONCILIATION, USER, PRODUCT | I11: NotificationRouter | J11: AuditEventHandler, DeliveryAttemptHandler, NotificationHandler, NotificationPreferenceHandler, NotificationTemplateHandler | K11: AuditEventService, DeliveryAttemptService, EmailDeliveryService, NotificationDeliveryService, NotificationPreferenceService, NotificationScheduler, NotificationService, NotificationStream, NotificationTemplateService, SmsDeliveryService | L11: NotificationScheduler | M11: - (leaf service) | N11: Gateway, all business services | O11: =COUNTIFS('API Endpoints'!B$4:B$399,A11) -> 27 | P11: =COUNTIFS('API Endpoints'!B$4:B$399,A11,'API Endpoints'!H$4:H$399,"Public") -> 0 | Q11: =COUNTIFS('API Endpoints'!B$4:B$399,A11,'API Endpoints'!H$4:H$399,"Secured") -> 25 | R11: =COUNTIFS('API Endpoints'!B$4:B$399,A11,'API Endpoints'!H$4:H$399,"Internal") -> 2
A12: Total | O12: =SUM(O4:O11) -> 207 | P12: =SUM(P4:P11) -> 11 | Q12: =SUM(Q4:Q11) -> 171 | R12: =SUM(R4:R11) -> 25

Sheet API Endpoints
A1: API Endpoint Catalogue (all services)
A3: ID | B3: Service | C3: Eureka name | D3: Router | E3: HTTP | F3: Path | G3: Consumes | H3: Scope | I3: Allowed roles | J3: Gateway / access path | K3: Handler method | L3: Delegates to (service methods) | M3: Business description & rules | N3: Downstream calls / side effects (notifications, audit, DB) | O3: Called from SPA (Angular service.method) | P3: SPA pages (routes)
A4: EP-001 | B4: Auth Service | C4: AUTH-SERVICE | D4: AuthRouter | E4: POST | F4: /api/auth/register | G4: application/json | H4: Public | I4: PUBLIC | J4: Public (no JWT) | K4: AuthHandler.register() | L4: AuthService.register() | M4: Register a new customer account. Normalises email, rejects duplicates, assigns ROLE_CUSTOMER, creates user_credentials + user_roles + initial user_profile, issues access/refresh JWTs and a session. | N4: DB: users_credentials, user_roles, user_profiles, sessions, refresh_tokens | Notification-Svc POST /internal/audit-events (USER_REGISTERED) | O4: AuthService.register | P4: /register
A5: EP-002 | B5: Auth Service | C5: AUTH-SERVICE | D5: AuthRouter | E5: POST | F5: /api/auth/login | G5: application/json | H5: Public | I5: PUBLIC | J5: Public (no JWT) | K5: AuthHandler.login() | L5: AuthService.login() | M5: Authenticate with email + password (BCrypt). Validates user status is ACTIVE, creates a session (device name + IP) and returns access token (15 min) + refresh token (7 days). | N5: DB: sessions, refresh_tokens | Notification-Svc POST /internal/audit-events (USER_LOGIN) | O5: AuthService.login | P5: /login
A6: EP-003 | B6: Auth Service | C6: AUTH-SERVICE | D6: AuthRouter | E6: POST | F6: /api/auth/refresh | G6: application/json | H6: Public | I6: PUBLIC | J6: Public (no JWT) | K6: AuthHandler.refresh() | L6: AuthService.refresh() | M6: Exchange a valid refresh token for a new access/refresh token pair (token rotation). | N6: DB: refresh_tokens, sessions | O6: AuthService.refresh | P6: -
A7: EP-004 | B7: Auth Service | C7: AUTH-SERVICE | D7: AuthRouter | E7: POST | F7: /api/auth/logout | G7: application/json | H7: Secured | I7: AUTHENTICATED | J7: JWT required (Bearer) | K7: AuthHandler.logout() | L7: AuthService.logout() | M7: Revoke the supplied refresh token and end the current session. | N7: DB: refresh_tokens, sessions | O7: AuthService.logout | P7: -
A8: EP-005 | B8: Auth Service | C8: AUTH-SERVICE | D8: AuthRouter | E8: GET | F8: /api/auth/me | G8: application/json | H8: Secured | I8: AUTHENTICATED | J8: JWT required (Bearer) | K8: AuthHandler.me() | L8: - | M8: Return the signed-in user (id, name, email, role, customerId). Used by the SPA to restore a session on reload. | N8: DB read: users_credentials, user_profiles | O8: AuthService.me | P8: -
A9: EP-006 | B9: Auth Service | C9: AUTH-SERVICE | D9: AuthRouter | E9: GET | F9: /api/auth/sessions | G9: application/json | H9: Secured | I9: AUTHENTICATED | J9: JWT required (Bearer) | K9: AuthHandler.sessions() | L9: AuthService.getSessions() | M9: List the caller's active sessions (device, IP, last seen). | N9: DB read: sessions | O9: AuthService.getSessions | P9: -
A10: EP-007 | B10: Auth Service | C10: AUTH-SERVICE | D10: AuthRouter | E10: DELETE | F10: /api/auth/sessions/{sessionId} | G10: - | H10: Secured | I10: AUTHENTICATED | J10: JWT required (Bearer) | K10: AuthHandler.revokeSession() | L10: AuthService.revokeSession() | M10: Revoke one of the caller's sessions (remote sign-out). | N10: DB: sessions, refresh_tokens | O10: AuthService.revokeSession | P10: -
A11: EP-008 | B11: Auth Service | C11: AUTH-SERVICE | D11: AuthRouter | E11: POST | F11: /api/auth/verify-email | G11: application/json | H11: Public | I11: PUBLIC | J11: JWT required at gateway (service itself permits anonymous) | K11: EmailVerificationHandler.verify() | L11: EmailVerificationService.verify() | M11: Verify an email address with a token (24 h expiry). | N11: DB: email_verification_tokens, users_credentials | O11: (not called by SPA) | P11: -
A12: EP-009 | B12: Auth Service | C12: AUTH-SERVICE | D12: AuthRouter | E12: POST | F12: /api/auth/verify-email/resend | G12: application/json | H12: Secured | I12: AUTHENTICATED | J12: JWT required (Bearer) | K12: EmailVerificationHandler.resend() | L12: EmailVerificationService.generateToken() | M12: Re-issue an email verification token for the signed-in user. | N12: DB: email_verification_tokens | O12: (not called by SPA) | P12: -
A13: EP-010 | B13: Auth Service | C13: AUTH-SERVICE | D13: AuthRouter | E13: POST | F13: /api/auth/verify-email/resend-by-email | G13: application/json | H13: Public | I13: PUBLIC | J13: JWT required at gateway (service itself permits anonymous) | K13: EmailVerificationHandler.resendByEmail() | L13: EmailVerificationService.resendVerification() | M13: Re-issue an email verification token by email address. | N13: DB: email_verification_tokens | O13: (not called by SPA) | P13: -
A14: EP-011 | B14: Auth Service | C14: AUTH-SERVICE | D14: AuthRouter | E14: POST | F14: /api/auth/forgot-password | G14: application/json | H14: Public | I14: PUBLIC | J14: JWT required at gateway (service itself permits anonymous) | K14: PasswordResetHandler.forgotPassword() | L14: PasswordResetService.generateToken() | M14: Start password reset: generate a reset token (1 h expiry). | N14: DB: password_reset_tokens | Notification-Svc POST /internal/audit-events | O14: (not called by SPA) | P14: -
... A210: EP-207 | B210: Trigger Service | C210: TRIGGER-SERVICE | D210: ZoneMeasurementRouter | E210: GET | F210: /api/triggers/measurements/zones | G210: application/json | H210: Secured | I210: AUTHENTICATED | J210: JWT required (Bearer) | K210: ZoneMeasurementService (inline lambda).latestPerZone() | L210: ZoneMeasurementService.latestPerZone() | M210: Latest weather readings per zone for the zone map. | N210: DB read | O210: CurrentMeasurementService.getZoneMeasurements | P210: /admin/zone-map, /customer/zone-map

Sheet Service Methods
A1: Handler, Service, Client & Scheduler Methods
A2: Extracted from public method signatures in each class.
A4: Service | B4: Layer | C4: Class | D4: Method | E4: Signature (return type + parameters) | F4: @Scheduled
A5: Auth Service | B5: Handler (HTTP) | C5: AuthHandler | D5: register | E5: Mono<ServerResponse> register(ServerRequest request) | F5: -
A6: Auth Service | B6: Handler (HTTP) | C6: AuthHandler | D6: login | E6: Mono<ServerResponse> login(ServerRequest request) | F6: -
A7: Auth Service | B7: Handler (HTTP) | C7: AuthHandler | D7: refresh | E7: Mono<ServerResponse> refresh(ServerRequest request) | F7: -
A8: Auth Service | B8: Handler (HTTP) | C8: AuthHandler | D8: logout | E8: Mono<ServerResponse> logout(ServerRequest request) | F8: -
A9: Auth Service | B9: Handler (HTTP) | C9: AuthHandler | D9: me | E9: Mono<ServerResponse> me(ServerRequest request) | F9: -
A10: Auth Service | B10: Handler (HTTP) | C10: AuthHandler | D10: sessions | E10: Mono<ServerResponse> sessions(ServerRequest request) | F10: -
A11: Auth Service | B11: Handler (HTTP) | C11: AuthHandler | D11: revokeSession | E11: Mono<ServerResponse> revokeSession(ServerRequest request) | F11: -
A12: Auth Service | B12: Handler (HTTP) | C12: EmailVerificationHandler | D12: verify | E12: Mono<ServerResponse> verify(ServerRequest request) | F12: -
A13: Auth Service | B13: Handler (HTTP) | C13: EmailVerificationHandler | D13: resend | E13: Mono<ServerResponse> resend(ServerRequest request) | F13: -
A14: Auth Service | B14: Handler (HTTP) | C14: EmailVerificationHandler | D14: resendByEmail | E14: Mono<ServerResponse> resendByEmail(ServerRequest request) | F14: -
A15: Auth Service | B15: Handler (HTTP) | C15: PasswordResetHandler | D15: forgotPassword | E15: Mono<ServerResponse> forgotPassword(ServerRequest request) | F15: -
... A543: Notification Service | B543: Config / Loader / Scheduler | C543: NotificationTemplateDataLoader | D543: run | E543: void run(ApplicationArguments args) | F543: -

Sheet Inter-Service Calls
A1: Synchronous Service-to-Service Calls
A2: All via @LoadBalanced WebClient resolving Eureka names; header X-Gateway-Key sent on every call.
A4: ID | B4: Caller service | C4: Caller class.method | D4: Client method | E4: HTTP | F4: Target URL | G4: Target service | H4: Target handler -> service | I4: Purpose | J4: Failure handling
A5: ISC-01 | B5: Auth | C5: AuthService / PasswordResetService / UserProfileService | D5: NotificationServiceClient.audit() | E5: POST | F5: http://NOTIFICATION-SERVICE/internal/audit-events | G5: Notification | H5: AuditEventHandler.create -> AuditEventService.create() | I5: Audit USER_REGISTERED, USER_LOGIN, PROFILE_UPDATED, password reset, status change | J5: onErrorResume -> ignored
A6: ISC-02 | B6: Product | C6: PolicyService.createApplication (validateQuoteIfPresent) | D6: FinancialServiceClient.validateQuote() | E6: POST | F6: http://FINANCIAL-SERVICE/internal/financial/quotes/{quoteId}/validate | G6: Financial | H6: QuoteHandler.validateInternal -> QuoteService.validateInternal() | I6: Validate quote matches application; returns premium | J6: Error -> application rejected (ValidationException)
A7: ISC-03 | B7: Product | C7: PolicyService.resolvePremium | D7: FinancialServiceClient.calculatePremium() | E7: POST | F7: http://FINANCIAL-SERVICE/internal/financial/pricing/calculate | G7: Financial | H7: QuoteHandler.priceInternal -> QuoteService.priceInternal() | I7: Price application without quote | J7: onErrorResume -> empty -> flat temporary premium
A8: ISC-04 | B8: Product | C8: PolicyService.savePendingApplication (consumeQuoteIfPresent) | D8: FinancialServiceClient.consumeQuote() | E8: PUT | F8: http://FINANCIAL-SERVICE/internal/financial/quotes/{quoteId}/consume | G8: Financial | H8: QuoteHandler.consumeInternal -> QuoteService.consume() | I8: Bind quote to policy (CONSUMED) | J8: Propagates error
A9: ISC-05 | B9: Product | C9: PolicyService.getActiveZones / PolicyHandler.getActiveZones | D9: TriggerServiceClient.getActiveZonesList() / getActiveZones() | E9: GET | F9: http://TRIGGER-SERVICE/internal/triggers/zones/active | G9: Trigger | H9: LocationZoneHandler.getInternalActive -> LocationZoneService.getActiveInternal() | I9: Zones for policy form | J9: -
A10: ISC-06 | B10: Product | C10: PolicyCertificateService.forCustomer / forStaff | D10: TriggerServiceClient.getZoneById() | E10: GET | F10: http://TRIGGER-SERVICE/internal/triggers/zones/{zoneId} | G10: Trigger | H10: LocationZoneHandler.getInternalById -> LocationZoneService.getInternalById() | I10: Zone name on certificate PDF | J10: -
A11: ISC-07 | B11: Product | C11: ProductService.getMeasurementStatus / getPublicMeasurementStatus | D11: TriggerServiceClient.getCurrentMeasurements() | E11: GET | F11: http://TRIGGER-SERVICE/internal/triggers/measurements/current | G11: Trigger | H11: MeasurementHandler.getCurrentMeasurementsInternal -> MeasurementService.getCurrentMeasurements() | I11: Measurement console values | J11: -
A12: ISC-08 | B12: Product | C12: ProductService.createCustomerDefinedProduct / syncTrigger -> syncDefinition | D12: TriggerServiceClient.syncProductDefinition() | E12: PUT | F12: http://TRIGGER-SERVICE/internal/triggers/products/{productId}/definition | G12: Trigger | H12: TriggerDefinitionHandler.syncProductDefinition -> ProductTriggerSyncService.syncProductDefinition() | I12: Mirror product trigger as per-zone trigger definitions | J12: onErrorResume -> product triggerSyncStatus=FAILED
A13: ISC-09 | B13: Product | C13: ProductService.processVerifiedEvent -> fetchAndCreateClaimsForEligiblePolicies | D13: TriggerServiceClient.getPolicyEligibility() | E13: GET | F13: http://TRIGGER-SERVICE/internal/triggers/policy/{policyId}/eligibility | G13: Trigger | H13: PolicyTriggerEligibilityHandler.checkEligibility -> PolicyTriggerEligibilityService.checkEligibility() | I13: Per ACTIVE policy: is it eligible for the verified event? | J13: onErrorResume -> 0 claims for that policy
A14: ISC-10 | B14: Product | C14: ProductService.fetchAndCreateClaimsForEligiblePolicies | D14: ClaimsServiceClient.createInternalClaim() | E14: POST | F14: http://CLAIMS-SERVICE/internal/claims | G14: Claims | H14: ClaimHandler.createInternalClaim -> ClaimService.createInternalClaim() | I14: Create automatic claim for eligible policy | J14: onErrorResume -> 0
A15: ISC-11 | B15: Product | C15: NotificationService (product) | D15: NotificationServiceClient.sendNotification() / sendAuditEvent() | E15: POST | F15: http://NOTIFICATION-SERVICE/internal/notifications | /internal/audit-events | G15: Notification | H15: NotificationHandler.create / AuditEventHandler.create | I15: POLICY_*, PRODUCT_* notifications; audit | J15: onErrorResume -> ignored
... A36: ISC-32 | B36: Financial | C36: NotificationService (financial) + schedulers | D36: NotificationServiceClient.sendNotification() / sendAuditEvent() | E36: POST | F36: http://NOTIFICATION-SERVICE/internal/notifications | /internal/audit-events | G36: Notification | H36: NotificationHandler.create / AuditEventHandler.create | I36: PAYMENT_*, PAYOUT_*, QUOTE_*, PREMIUM_*, RECONCILIATION_*, PRICING_RULE_* | J36: onErrorResume
A39: Dependency matrix (count of call paths: row = caller, column = target)
B40: Caller \ Target | C40: Auth | D40: Product | E40: Claims | F40: Trigger | G40: Financial | H40: Notification
B41: Auth | C41: =COUNTIFS($B$5:$B$36,$B41,$G$5:$G$36,C$40) -> 0 | D41: =COUNTIFS($B$5:$B$36,$B41,$G$5:$G$36,D$40) -> 0 | E41: =COUNTIFS($B$5:$B$36,$B41,$G$5:$G$36,E$40) -> 0 | F41: =COUNTIFS($B$5:$B$36,$B41,$G$5:$G$36,F$40) -> 0 | G41: =COUNTIFS($B$5:$B$36,$B41,$G$5:$G$36,G$40) -> 0 | H41: =COUNTIFS($B$5:$B$36,$B41,$G$5:$G$36,H$40) -> 1
B42: Product | C42: =COUNTIFS($B$5:$B$36,$B42,$G$5:$G$36,C$40) -> 0 | D42: =COUNTIFS($B$5:$B$36,$B42,$G$5:$G$36,D$40) -> 0 | E42: =COUNTIFS($B$5:$B$36,$B42,$G$5:$G$36,E$40) -> 1 | F42: =COUNTIFS($B$5:$B$36,$B42,$G$5:$G$36,F$40) -> 5 | G42: =COUNTIFS($B$5:$B$36,$B42,$G$5:$G$36,G$40) -> 3 | H42: =COUNTIFS($B$5:$B$36,$B42,$G$5:$G$36,H$40) -> 1
B43: Claims | C43: =COUNTIFS($B$5:$B$36,$B43,$G$5:$G$36,C$40) -> 0 | D43: =COUNTIFS($B$5:$B$36,$B43,$G$5:$G$36,D$40) -> 1 | E43: =COUNTIFS($B$5:$B$36,$B43,$G$5:$G$36,E$40) -> 0 | F43: =COUNTIFS($B$5:$B$36,$B43,$G$5:$G$36,F$40) -> 1 | G43: =COUNTIFS($B$5:$B$36,$B43,$G$5:$G$36,G$40) -> 1 | H43: =COUNTIFS($B$5:$B$36,$B43,$G$5:$G$36,H$40) -> 1
B44: Trigger | C44: =COUNTIFS($B$5:$B$36,$B44,$G$5:$G$36,C$40) -> 0 | D44: =COUNTIFS($B$5:$B$36,$B44,$G$5:$G$36,D$40) -> 6 | E44: =COUNTIFS($B$5:$B$36,$B44,$G$5:$G$36,E$40) -> 2 | F44: =COUNTIFS($B$5:$B$36,$B44,$G$5:$G$36,F$40) -> 0 | G44: =COUNTIFS($B$5:$B$36,$B44,$G$5:$G$36,G$40) -> 0 | H44: =COUNTIFS($B$5:$B$36,$B44,$G$5:$G$36,H$40) -> 2
B45: Financial | C45: =COUNTIFS($B$5:$B$36,$B45,$G$5:$G$36,C$40) -> 0 | D45: =COUNTIFS($B$5:$B$36,$B45,$G$5:$G$36,D$40) -> 3 | E45: =COUNTIFS($B$5:$B$36,$B45,$G$5:$G$36,E$40) -> 1 | F45: =COUNTIFS($B$5:$B$36,$B45,$G$5:$G$36,F$40) -> 2 | G45: =COUNTIFS($B$5:$B$36,$B45,$G$5:$G$36,G$40) -> 0 | H45: =COUNTIFS($B$5:$B$36,$B45,$G$5:$G$36,H$40) -> 1
B46: Notification | C46: =COUNTIFS($B$5:$B$36,$B46,$G$5:$G$36,C$40) -> 0 | D46: =COUNTIFS($B$5:$B$36,$B46,$G$5:$G$36,D$40) -> 0 | E46: =COUNTIFS($B$5:$B$36,$B46,$G$5:$G$36,E$40) -> 0 | F46: =COUNTIFS($B$5:$B$36,$B46,$G$5:$G$36,F$40) -> 0 | G46: =COUNTIFS($B$5:$B$36,$B46,$G$5:$G$36,G$40) -> 0 | H46: =COUNTIFS($B$5:$B$36,$B46,$G$5:$G$36,H$40) -> 0

Sheet Data Model
A1: Data Model - Tables & Enumerations per Service
A4: Service | B4: Kind | C4: Table name | D4: Model class | E4: Values
A5: Auth Service | B5: Table | C5: addresses | D5: Address | E5: -
A6: Auth Service | B6: Enum | C6: - | D6: CustomerSegment | E6: INDIVIDUAL, FARMER, SMALL_BUSINESS, ENTERPRISE
A7: Auth Service | B7: Table | C7: email_verification_tokens | D7: EmailVerificationToken | E7: -
A8: Auth Service | B8: Table | C8: password_reset_tokens | D8: PasswordResetToken | E8: -
A9: Auth Service | B9: Table | C9: refresh_tokens | D9: RefreshToken | E9: -
A10: Auth Service | B10: Table | C10: roles | D10: Role | E10: -
A11: Auth Service | B11: Table | C11: sessions | D11: Session | E11: -
A12: Auth Service | B12: Table | C12: users_credentials | D12: UserCredential | E12: -
A13: Auth Service | B13: Table | C13: user_profiles | D13: UserProfile | E13: -
A14: Auth Service | B14: Table | C14: user_roles | D14: UserRole | E14: -
A15: Auth Service | B15: Enum | C15: - | D15: UserStatus | E15: ACTIVE, SUSPENDED, INACTIVE
... A80: Notification Service | B80: Enum | C80: - | D80: RelatedEntityType | E80: POLICY, CLAIM, TRIGGER_EVENT, PAYMENT, PAYOUT, QUOTE, PRICING_RULE, RECONCILIATION, USER, PRODUCT

Sheet Status Lifecycles
A1: Entity Status Lifecycles (state machines enforced in code)
A4: Entity | B4: Service | C4: Transition | D4: Triggered by (endpoint / job) | E4: Actor
A5: Policy | B5: Product | C5: (new) -> PENDING | D5: POST /api/policies, /custom, /{id}/renew, renewal scheduler | E5: Customer / System
A6: Policy | B6: Product | C6: PENDING -> ACTIVE | D6: PUT /api/policies/{id}/approve | E6: Underwriter / Admin
A7: Policy | B7: Product | C7: PENDING -> REJECTED | D7: PUT /api/policies/{id}/reject (reason required) | E7: Underwriter / Admin
A8: Policy | B8: Product | C8: PENDING -> CANCELLED | D8: PUT /api/policies/{id}/cancel | E8: Customer
A9: Policy | B9: Product | C9: ACTIVE -> EXPIRED | D9: PolicyExpiryScheduler | E9: System
A10: Product | B10: Product | C10: (new) -> DRAFT -> ACTIVE <-> INACTIVE -> ARCHIVED | D10: POST /api/products; PUT /{id}/status (ACTIVE needs complete trigger; ARCHIVED needs no open policies); DELETE | E10: Admin
A11: Quote | B11: Financial | C11: (new) -> CREATED | D11: POST /api/financial/quotes | E11: Customer
A12: Quote | B12: Financial | C12: CREATED -> ACCEPTED | D12: PUT /quotes/{id}/accept | E12: Customer
A13: Quote | B13: Financial | C13: ACCEPTED -> CONSUMED | D13: PUT /internal/financial/quotes/{id}/consume (policy application) | E13: Product-Svc
A14: Quote | B14: Financial | C14: CREATED/ACCEPTED -> EXPIRED / CANCELLED | D14: expiry after 7 days on read/validate; PUT /quotes/{id}/cancel | E14: System / Customer
A15: Pricing rule | B15: Financial | C15: DRAFT / ACTIVE / INACTIVE / ARCHIVED | D15: PUT /pricing-rules/{id}/status; DELETE archives | E15: Admin
... A37: Monitor run | B37: Trigger | C37: RUNNING -> COMPLETED | FAILED | D37: MonitorRunService | E37: System

Sheet Frontend Pages
A1: Angular SPA - Routes, Components, Actions & Backend Calls
A2: All secured routes use authGuard + roleGuard. Endpoints resolved from API_ENDPOINTS constants (base http://localhost:8080).
A4: Route | B4: Layout | C4: Role | D4: Component | E4: NgRx actions dispatched | F4: Angular service methods | G4: Backend endpoints called (via gateway)
A5: / | B5: PublicLayout | C5: Public | D5: WelcomeComponent | E5: loadProducts | F5: ProductService.getActiveProducts | G5: GET /api/products
A6: /products | B6: PublicLayout | C6: Public | D6: PublicProductListComponent | E6: loadProducts, loadProductsByCategory | F6: ProductService.getActiveProducts, ProductService.getProductsByCategory | G6: GET /api/products GET /api/products/category/{}
A7: /products/:productId | B7: PublicLayout | C7: Public | D7: PublicProductDetailComponent | E7: loadProduct | F7: ProductService.getProduct | G7: GET /api/products/{}
A8: /login | B8: AuthLayout (guestGuard) | C8: Guest | D8: LoginComponent | E8: login | F8: AuthService.login | G8: POST /api/auth/login
A9: /register | B9: AuthLayout (guestGuard) | C9: Guest | D9: RegisterComponent | E9: register | F9: AuthService.register | G9: POST /api/auth/register
A10: /customer/dashboard | B10: CustomerLayout | C10: CUSTOMER | D10: CustomerDashboardComponent | E10: loadMyClaims, loadMyPayments, loadMyPayouts, loadMyPolicies | F10: ClaimService.getMyClaims, PaymentService.getMyPayments, PayoutService.getMyPayouts, PolicyService.getMyPolicies, ProductService.getMeasurementStatus | G10: GET /api/claims/me GET /api/financial/payments/me GET /api/financial/payouts/me GET /api/policies/me GET /api/products/measurement-status
A11: /customer/profile | B11: CustomerLayout | C11: CUSTOMER | D11: CustomerProfileComponent | E11: updateProfile | F11: - | G11: -
A12: /customer/policies | B12: CustomerLayout | C12: CUSTOMER | D12: CustomerPoliciesComponent | E12: cancelPolicy, loadMyPolicies | F12: PolicyService.cancelPolicy, PolicyService.getMyPolicy, PolicyService.getMyPolicies, ZoneService.getActiveZones | G12: PUT /api/policies/{}/cancel GET /api/policies/{} GET /api/policies/me GET /api/triggers/zones/active
A13: /customer/policies/new | B13: CustomerLayout | C13: CUSTOMER | D13: CustomerPolicyNewComponent | E13: createCustomPolicy, createPolicy, loadProducts | F13: PolicyService.createCustomPolicy, PolicyService.createPolicy, ProductService.getActiveProducts, QuoteService.getQuote, ZoneService.getActiveZones | G13: POST /api/policies/custom POST /api/policies GET /api/products GET /api/financial/quotes/{} GET /api/triggers/zones/active
A14: /customer/policies/:policyId | B14: CustomerLayout | C14: CUSTOMER | D14: CustomerPolicyDetailComponent | E14: cancelPolicy, loadMyPolicy | F14: PolicyService.cancelPolicy, PolicyService.getMyPolicy, PolicyService.downloadCertificate, PolicyService.getPolicySnapshot, PolicyService.renewPolicy, PolicyService.setAutoRenew, ZoneService.getZone | G14: PUT /api/policies/{}/cancel GET /api/policies/{} GET /api/policies/{}/certificate GET /api/policies/{}/snapshot POST /api/policies/{}/renew PUT /api/policies/{}/auto-renew GET /api/triggers/zones/{}
A15: /customer/claims | B15: CustomerLayout | C15: CUSTOMER | D15: CustomerClaimsComponent | E15: cancelClaim, loadMyClaims | F15: ClaimService.cancelClaim, ClaimService.getMyClaim, ClaimService.getMyClaims, ZoneService.getActiveZones | G15: PUT /api/claims/{}/cancel GET /api/claims/{} GET /api/claims/me GET /api/triggers/zones/active
... A57: /admin/activity | B57: AdminLayout | C57: ADMIN | D57: AuditHistoryComponent | E57: - | F57: NotificationService.getAuditEvents, NotificationService.getMyAuditEvents | G57: GET /api/notifications/admin/audit GET /api/notifications/audit/me

Sheet UJ-01
A1: UJ-01 Customer Registration, Login & Session
A2: <- Back to Overview
A4: Actor(s) | C4: Customer (guest)
A5: Goal | C5: Create an account, sign in, keep the session alive and sign out.
A6: Trigger / entry | C6: Guest clicks Register / Login on the public site.
A7: Pre-conditions | C7: Auth-Svc running; ROLE_CUSTOMER seeded; Eureka + Gateway up.
A8: Post-conditions | C8: User has access + refresh JWT stored in browser; session row exists; audit trail recorded.
A9: Services involved | C9: Angular SPA, API Gateway, Auth-Svc, Notification-Svc
A10: Service hop chain | C10: SPA -> Gateway -> AUTH-SERVICE
A12: Step | B12: Actor | C12: UI screen / route (component) | D12: User / system action | E12: Frontend call (NgRx action -> Angular service) | F12: HTTP | G12: Endpoint (via Gateway :8080 unless internal) | H12: Target service | I12: Handler method | J12: Service method(s) | K12: Business rules & validations | L12: Inter-service calls (sync REST) | M12: DB tables touched | N12: Status transition | O12: Notifications / audit | P12: Result / UI outcome
A13: 1 | B13: Customer | C13: /register (RegisterComponent) | D13: Fills name, email, password, phone and submits | E13: register() -> AuthEffects.register$ -> AuthService.register() | F13: POST | G13: /api/auth/register | H13: AUTH-SERVICE :8081 | I13: AuthHandler.register | J13: AuthService.register() | K13: Email normalised & must be unique (409 otherwise); password BCrypt-hashed; role ROLE_CUSTOMER assigned; initial profile created. | L13: -> Notification-Svc POST /internal/audit-events (USER_REGISTERED) | M13: users_credentials, user_roles, user_profiles, sessions, refresh_tokens | N13: User: ACTIVE | O13: Audit USER_REGISTERED | P13: AuthResponse {accessToken, refreshToken, user}; tokens saved by TokenStorageService; redirect to /customer/dashboard
A14: 2 | B14: Customer | C14: /login (LoginComponent) | D14: Enters email + password | E14: login() -> AuthEffects.login$ -> AuthService.login() | F14: POST | G14: /api/auth/login | H14: AUTH-SERVICE | I14: AuthHandler.login | J14: AuthService.login() | K14: Invalid email/password -> 401; SUSPENDED/INACTIVE users blocked; device name + IP captured for the session. | L14: -> Notification-Svc POST /internal/audit-events (USER_LOGIN) | M14: sessions, refresh_tokens | N14: - | O14: Audit USER_LOGIN | P14: JWT (claims: userId, email, role, customerId) stored; roleGuard routes to role dashboard
A15: 3 | B15: SPA | C15: App bootstrap (any page reload) | D15: Restore session | E15: restoreSession() -> AuthService.me() | F15: GET | G15: /api/auth/me | H15: AUTH-SERVICE | I15: AuthHandler.me | J15: AuthService.getCurrentUser() | K15: Gateway validates JWT, injects X-Authenticated-User-Id / Role / Customer-Id + X-Gateway-Key headers. | L15: - | M15: read | N15: - | O15: - | P15: User object in NgRx auth state
A16: 4 | B16: SPA | C16: Any secured call (auth.interceptor) | D16: Access token expired (15 min) -> 401 | E16: refreshToken() -> AuthService.refresh() | F16: POST | G16: /api/auth/refresh | H16: AUTH-SERVICE | I16: AuthHandler.refresh | J16: AuthService.refresh() | K16: Refresh token (7 days) must be valid and not revoked; rotated on use. | L16: - | M16: refresh_tokens, sessions | N16: - | O16: - | P16: New token pair; original request retried
A17: 5 | B17: Customer | C17: Header > Sessions | D17: Views & revokes other devices | E17: AuthService.getSessions() / revokeSession() | F17: GET / DELETE | G17: /api/auth/sessions | /api/auth/sessions/{sessionId} | H17: AUTH-SERVICE | I17: AuthHandler.sessions / revokeSession | J17: AuthService.getSessions() / revokeSession() | K17: Only own sessions. | L17: - | M17: sessions, refresh_tokens | N17: Session: revoked | O17: - | P17: Session list refreshed
A18: 6 | B18: Customer | C18: Header > Logout | D18: Signs out | E18: logout() -> AuthService.logout() | F18: POST | G18: /api/auth/logout | H18: AUTH-SERVICE | I18: AuthHandler.logout | J18: AuthService.logout() | K18: Refresh token revoked. | L18: - | M18: refresh_tokens, sessions | N18: Session: ended | O18: - | P18: Tokens cleared, redirect to /login
A19: 7 | B19: Customer (optional) | C19: Email link / Forgot password | D19: Verifies email / resets password | E19: (no SPA screen - API only) | F19: POST | G19: /api/auth/verify-email | /api/auth/forgot-password | /api/auth/reset-password | H19: AUTH-SERVICE | I19: EmailVerificationHandler.verify / PasswordResetHandler.* | J19: EmailVerificationService.verify() / PasswordResetService.generateToken(), resetPassword() | K19: Verification token 24 h; reset token 1 h. | L19: -> Notification-Svc POST /internal/audit-events | M19: email_verification_tokens, password_reset_tokens, users_credentials | N19: - | O19: Audit | P19: Message response

Sheet UJ-02
A1: UJ-02 Browse Product Catalogue (public)
A2: <- Back to Overview
A4: Actor(s) | C4: Guest / Customer
A5: Goal | C5: Discover available parametric insurance products and their trigger rules.
A6: Trigger / entry | C6: Visitor opens the welcome page or /products.
A7: Pre-conditions | C7: At least one product in ACTIVE status.
A8: Post-conditions | C8: Visitor understands cover, limits and trigger; can proceed to apply.
A9: Services involved | C9: Angular SPA, API Gateway (public paths), Product-Svc
A10: Service hop chain | C10: SPA -> Gateway -> PRODUCT-SERVICE
A12: Step | B12: Actor | C12: UI screen / route (component) | D12: User / system action | E12: Frontend call (NgRx action -> Angular service) | F12: HTTP | G12: Endpoint (via Gateway :8080 unless internal) | H12: Target service | I12: Handler method | J12: Service method(s) | K12: Business rules & validations | L12: Inter-service calls (sync REST) | M12: DB tables touched | N12: Status transition | O12: Notifications / audit | P12: Result / UI outcome
A13: 1 | B13: Guest | C13: / (WelcomeComponent) | D13: Lands on home page | E13: loadProducts() -> ProductService.getActiveProducts() | F13: GET | G13: /api/products | H13: PRODUCT-SERVICE :8082 | I13: ProductHandler.getProducts | J13: ProductService.getActiveProducts() | K13: Public path - gateway skips JWT (GET /api/products, /api/products/{id}, /api/products/category/{c}). | L13: - | M13: read products, coverages | N13: - | O13: - | P13: Featured product cards
A14: 2 | B14: Guest | C14: /products (PublicProductListComponent) | D14: Filters by category | E14: loadProductsByCategory() -> ProductService.getProductsByCategory() | F14: GET | G14: /api/products/category/{category} | H14: PRODUCT-SERVICE | I14: ProductHandler.getByCategory | J14: ProductService.getProductsByCategory() | K14: Category must be a valid ProductCategory enum. | L14: - | M14: read | N14: - | O14: - | P14: Filtered list
A15: 3 | B15: Guest | C15: /products/:productId (PublicProductDetailComponent) | D15: Opens a product | E15: loadProduct() -> ProductService.getProduct() | F15: GET | G15: /api/products/{productId} | H15: PRODUCT-SERVICE | I15: ProductHandler.getProduct | J15: ProductService.getActiveProduct() | K15: Only ACTIVE products visible. | L15: - | M15: read | N15: - | O15: - | P15: Product detail + parametric-trigger-card + trigger-explanation; 'Apply' leads to login / policy form

Sheet UJ-03
A1: UJ-03 Customer Profile Management
A2: <- Back to Overview
A4: Actor(s) | C4: Customer
A5: Goal | C5: Maintain personal details used on policies and claims.
A6: Trigger / entry | C6: Customer opens /customer/profile.
A7: Pre-conditions | C7: Signed in as CUSTOMER.
A8: Post-conditions | C8: Today: profile changes only held in browser state (not persisted). Intended: profile saved via PUT /api/users/me with audit.
A9: Services involved | C9: Angular SPA, Gateway, Auth-Svc, Notification-Svc
A10: Service hop chain | C10: SPA -> Gateway -> AUTH-SERVICE -> AUTH-SERVICE (intended) -> NOTIFICATION-SERVICE
A12: Step | B12: Actor | C12: UI screen / route (component) | D12: User / system action | E12: Frontend call (NgRx action -> Angular service) | F12: HTTP | G12: Endpoint (via Gateway :8080 unless internal) | H12: Target service | I12: Handler method | J12: Service method(s) | K12: Business rules & validations | L12: Inter-service calls (sync REST) | M12: DB tables touched | N12: Status transition | O12: Notifications / audit | P12: Result / UI outcome
A13: 1 | B13: Customer | C13: /customer/profile (CustomerProfileComponent) | D13: Opens profile | E13: Reads user from NgRx auth state (loaded by AuthService.me()) | F13: GET | G13: /api/auth/me | H13: AUTH-SERVICE | I13: AuthHandler.me | J13: AuthService.getCurrentUser() | K13: Authenticated. | L13: - | M13: read users_credentials, user_profiles | N13: - | O13: - | P13: Form pre-filled from auth state
A14: 2 | B14: Customer | C14: /customer/profile | D14: Edits and saves | E14: updateProfile() - reducer only; NO effect / HTTP call (see Findings) | F14: - | G14: (none today) - intended: PUT /api/users/me | H14: AUTH-SERVICE (intended) | I14: UserHandler.saveMyProfile (not reached) | J14: UserProfileService.saveProfile() (not reached) | K14: Backend would enforce CUSTOMER role and field validation (phone, DOB, segment INDIVIDUAL/FARMER/SMALL_BUSINESS/ENTERPRISE). | L14: - | M14: none (would be user_profiles, addresses) | N14: - | O14: - | P14: UI shows updated values until reload; data not persisted
A15: 3 | B15: Customer | C15: /customer/activity (AuditHistoryComponent, scope MINE) | D15: Reviews own activity | E15: loadMyAuditEvents() -> NotificationService.getMyAuditEvents() | F15: GET | G15: /api/notifications/audit/me | H15: NOTIFICATION-SERVICE :8085 | I15: AuditEventHandler.mine | J15: AuditEventService.mine() | K15: Only events where actor = caller. | L15: - | M15: read audit_events | N15: - | O15: - | P15: Activity timeline

Sheet UJ-04
A1: UJ-04 Get a Quote and Accept It
A2: <- Back to Overview
A4: Actor(s) | C4: Customer
A5: Goal | C5: Obtain a priced, time-limited quote for a product, zone, sum insured and term.
A6: Trigger / entry | C6: Customer opens /customer/quotes and requests a quote.
A7: Pre-conditions | C7: Product ACTIVE; zone ACTIVE; an ACTIVE pricing rule exists for product (+zone) - DefaultPricingRuleScheduler provisions one per product.
A8: Post-conditions | C8: Quote in ACCEPTED state, valid 7 days, ready to be used in a policy application.
A9: Services involved | C9: Angular SPA, Gateway, Financial-Svc, Product-Svc, Trigger-Svc, Notification-Svc
A10: Service hop chain | C10: SPA -> Gateway -> PRODUCT -> FINANCIAL-SERVICE
A12: Step | B12: Actor | C12: UI screen / route (component) | D12: User / system action | E12: Frontend call (NgRx action -> Angular service) | F12: HTTP | G12: Endpoint (via Gateway :8080 unless internal) | H12: Target service | I12: Handler method | J12: Service method(s) | K12: Business rules & validations | L12: Inter-service calls (sync REST) | M12: DB tables touched | N12: Status transition | O12: Notifications / audit | P12: Result / UI outcome
A13: 1 | B13: Customer | C13: /customer/quotes (CustomerQuotesComponent) | D13: Opens quotes page | E13: loadProducts(), loadQuotes(), ZoneService.getActiveZones() | F13: GET | G13: /api/products | /api/financial/quotes/me | /api/triggers/zones/active | H13: PRODUCT / FINANCIAL / TRIGGER | I13: ProductHandler.getProducts / QuoteHandler.findMine / LocationZoneHandler.getActive | J13: getActiveProducts() / QuoteService.findMine() / LocationZoneService.getActive() | K13: Stale quotes auto-marked EXPIRED on read. | L13: - | M13: read | N13: - | O13: - | P13: Product & zone pickers, my quotes list
A14: 2 | B14: Customer | C14: /customer/quotes | D14: Selects product, zone, sum insured, term -> 'Get quote' | E14: createQuote() -> QuoteService.createQuote() | F14: POST | G14: /api/financial/quotes | H14: FINANCIAL-SERVICE :8088 | I14: QuoteHandler.create | J14: QuoteService.create() | K14: Customer only; sum insured / term within product min-max; zone must be ACTIVE; applicable rule = ACTIVE rule for product+zone (else product-wide). Premium = max(SI x baseAnnualRate x term/12 x termFactor x locationFactor, minimumPremium). | L14: Financial -> Product-Svc GET /internal/products/{productId}; Financial -> Trigger-Svc GET /internal/triggers/zones/{zoneId}; -> Notification-Svc POST /internal/audit-events (QUOTE_CREATED); -> Notification-Svc POST /internal/notifications (QUOTE_CREATED) | M14: quotes | N14: Quote: CREATED (expiresAt = now + 7 days) | O14: Customer notified QUOTE_CREATED | P14: Quote card with premium breakdown
A15: 3 | B15: Customer | C15: /customer/quotes | D15: Clicks 'Accept' | E15: acceptQuote() -> QuoteService.acceptQuote() | F15: PUT | G15: /api/financial/quotes/{quoteId}/accept | H15: FINANCIAL-SERVICE | I15: QuoteHandler.accept | J15: QuoteService.accept() | K15: Must be caller's quote; 409 if CONSUMED / EXPIRED / CANCELLED; idempotent if already ACCEPTED. | L15: -> Notification-Svc POST /internal/audit-events (QUOTE_ACCEPTED) | M15: quotes | N15: Quote: CREATED -> ACCEPTED | O15: Audit | P15: 'Apply with this quote' button -> /customer/policies/new?quoteId=
A16: 4 | B16: Customer (alt) | C16: /customer/quotes | D16: Clicks 'Cancel' | E16: cancelQuote() -> QuoteService.cancelQuote() | F16: PUT | G16: /api/financial/quotes/{quoteId}/cancel | H16: FINANCIAL-SERVICE | I16: QuoteHandler.cancel | J16: QuoteService.cancel() | K16: Own quote, not CONSUMED. | L16: -> Notification-Svc POST /internal/audit-events | M16: quotes | N16: Quote: -> CANCELLED | O16: Audit | P16: Quote greyed out

Sheet UJ-05
A1: UJ-05 Apply for a Policy (standard product)
A2: <- Back to Overview
A4: Actor(s) | C4: Customer
A5: Goal | C5: Submit a policy application on a catalogue product, with or without an accepted quote.
A6: Trigger / entry | C6: Customer submits the form on /customer/policies/new.
A7: Pre-conditions | C7: Signed in as CUSTOMER; product ACTIVE with complete trigger config; optional ACCEPTED quote.
A8: Post-conditions | C8: Policy PENDING with captured trigger snapshot; quote CONSUMED; underwriters notified.
A9: Services involved | C9: Angular SPA, Gateway, Product-Svc, Financial-Svc, Trigger-Svc, Notification-Svc
A10: Service hop chain | C10: SPA -> Gateway -> PRODUCT -> PRODUCT-SERVICE -> FINANCIAL-SERVICE -> PRODUCT-SERVICE -> NOTIFICATION-SERVICE
A12: Step | B12: Actor | C12: UI screen / route (component) | D12: User / system action | E12: Frontend call (NgRx action -> Angular service) | F12: HTTP | G12: Endpoint (via Gateway :8080 unless internal) | H12: Target service | I12: Handler method | J12: Service method(s) | K12: Business rules & validations | L12: Inter-service calls (sync REST) | M12: DB tables touched | N12: Status transition | O12: Notifications / audit | P12: Result / UI outcome
A13: 1 | B13: Customer | C13: /customer/policies/new (CustomerPolicyNewComponent) | D13: Opens form (optionally from a quote) | E13: loadProducts(); QuoteService.getQuote(quoteId); ZoneService.getActiveZones() | F13: GET | G13: /api/products | /api/financial/quotes/{quoteId} | /api/triggers/zones/active | H13: PRODUCT / FINANCIAL / TRIGGER | I13: ProductHandler.getProducts / QuoteHandler.findById / LocationZoneHandler.getActive | J13: - | K13: Quote pre-fills product, zone, sum insured and term. | L13: - | M13: read | N13: - | O13: - | P13: Application form
A14: 2 | B14: Customer | C14: /customer/policies/new | D14: Submits application | E14: createPolicy() -> PolicyService.createPolicy() | F14: POST | G14: /api/policies | H14: PRODUCT-SERVICE :8082 | I14: PolicyHandler.createPolicy | J14: PolicyService.createPolicy() -> createApplication() | K14: Product must be ACTIVE (404); sum insured & term within limits; 409 if a PENDING application exists for same product; location zone required. | L14: - | M14: - | N14: - | O14: - | P14: (continues below - same request)
A15: 3 | B15: Product-Svc (system) | C15: - | D15: Validate quote (only when quoteId sent) | E15: FinancialServiceClient.validateQuote() | F15: POST | G15: /internal/financial/quotes/{quoteId}/validate | H15: FINANCIAL-SERVICE | I15: QuoteHandler.validateInternal | J15: QuoteService.validateInternal() | K15: Quote must belong to customer, match product/zone/SI/term, be ACCEPTED and not expired; otherwise 400 with validationReason. | L15: Product -> Financial (Eureka lb://FINANCIAL-SERVICE, X-Gateway-Key) | M15: quotes (may mark EXPIRED) | N15: - | O15: - | P15: Quote premium becomes policy premium
A16: 4 | B16: Product-Svc (system) | C16: - | D16: Price application (only when no quote) | E16: FinancialServiceClient.calculatePremium() | F16: POST | G16: /internal/financial/pricing/calculate | H16: FINANCIAL-SERVICE | I16: QuoteHandler.priceInternal | J16: QuoteService.priceInternal() | K16: Uses active pricing rule; if Financial-Svc unavailable, Product-Svc falls back to a flat temporary premium. | L16: Product -> Financial | M16: read pricing_rules | N16: - | O16: - | P16: Premium
A17: 5 | B17: Product-Svc (system) | C17: - | D17: Persist application + snapshot + consume quote | E17: PolicyService.savePendingApplication() | F17: - | G17: (internal logic) | H17: PRODUCT-SERVICE | I17: - | J17: savePendingApplication(), resolveSnapshot(), recordHistory(), consumeQuoteIfPresent() | K17: Trigger snapshot copies product threshold/operator/aggregation/window so later threshold changes do not affect this policy. | L17: Product -> Financial PUT /internal/financial/quotes/{quoteId}/consume | M17: policies, policy_trigger_snapshots, policy_status_history, (financial) quotes | N17: Policy: -> PENDING; Quote: ACCEPTED -> CONSUMED | O17: - | P17: -
A18: 6 | B18: Product-Svc (system) | C18: - | D18: Notify & audit | E18: NotificationService.notifyPolicySubmitted(), notifyPolicyPendingReview(), audit() | F18: POST | G18: /internal/notifications, /internal/audit-events | H18: NOTIFICATION-SERVICE | I18: NotificationHandler.create / AuditEventHandler.create | J18: NotificationService.create() / AuditEventService.create() | K18: Notification to customer (POLICY_SUBMITTED) and to roles UNDERWRITER + ADMIN (Policy Pending Review). | L18: -> Notification-Svc POST /internal/notifications; -> Notification-Svc POST /internal/audit-events (POLICY_APPLIED) | M18: notifications, delivery_attempts, audit_events | N18: - | O18: POLICY_SUBMITTED; underwriter queue alert | P18: SPA shows 'Application submitted - pending underwriting'; redirect to /customer/policies

Sheet UJ-06
A1: UJ-06 Custom (Customer-Defined) Parametric Policy
A2: <- Back to Overview
A4: Actor(s) | C4: Customer
A5: Goal | C5: Design an own trigger (peril, measurement, threshold, window) and apply for cover on it.
A6: Trigger / entry | C6: Customer chooses 'Custom policy' tab on /customer/policies/new.
A7: Pre-conditions | C7: Signed in as CUSTOMER; target zone ACTIVE.
A8: Post-conditions | C8: Customer-defined product created and synced to Trigger-Svc; policy PENDING.
A9: Services involved | C9: Angular SPA, Gateway, Product-Svc, Trigger-Svc, Financial-Svc, Notification-Svc
A10: Service hop chain | C10: SPA -> Gateway -> PRODUCT-SERVICE
A12: Step | B12: Actor | C12: UI screen / route (component) | D12: User / system action | E12: Frontend call (NgRx action -> Angular service) | F12: HTTP | G12: Endpoint (via Gateway :8080 unless internal) | H12: Target service | I12: Handler method | J12: Service method(s) | K12: Business rules & validations | L12: Inter-service calls (sync REST) | M12: DB tables touched | N12: Status transition | O12: Notifications / audit | P12: Result / UI outcome
A13: 1 | B13: Customer | C13: /customer/policies/new (custom tab) | D13: Defines trigger + SI + term and submits | E13: createCustomPolicy() -> PolicyService.createCustomPolicy() | F13: POST | G13: /api/policies/custom | H13: PRODUCT-SERVICE | I13: PolicyHandler.createCustomPolicy | J13: PolicyService.createCustomPolicy() | K13: Zone > 0, SI > 0, term > 0; trigger fields validated for peril/measurement/unit compatibility. | L13: - | M13: - | N13: - | O13: - | P13: (continues)
A14: 2 | B14: Product-Svc (system) | C14: - | D14: Create customer-defined product | E14: ProductService.createCustomerDefinedProduct() | F14: - | G14: (internal) | H14: PRODUCT-SERVICE | I14: - | J14: createCustomerDefinedProduct() -> syncDefinition() | K14: Product code CUSTOM-<customerId>-<8 hex>; min=max SI and term = requested; customerDefined = true. | L14: Product -> Trigger-Svc PUT /internal/triggers/products/{productId}/definition (TriggerDefinitionHandler.syncProductDefinition -> ProductTriggerSyncService) | M14: products, (trigger) trigger_definitions | N14: Product triggerSyncStatus: SYNCED / FAILED | O14: - | P14: -
A15: 3 | B15: Product-Svc (system) | C15: - | D15: Apply for policy on the new product | E15: PolicyService.createPolicy() | F15: - | G15: (internal) | H15: PRODUCT-SERVICE | I15: - | J15: createApplication() | K15: Same chain as UJ-05 (pricing via Financial-Svc, snapshot from request trigger data). | L15: Product -> Financial POST /internal/financial/pricing/calculate; -> Notification-Svc POST /internal/notifications; -> Notification-Svc POST /internal/audit-events | M15: policies, policy_trigger_snapshots, policy_status_history | N15: Policy: -> PENDING | O15: POLICY_SUBMITTED | P15: Policy listed under My Policies as PENDING

Sheet UJ-07
A1: UJ-07 Underwriting Review (Approve / Reject Policy)
A2: <- Back to Overview
A4: Actor(s) | C4: Underwriter (or Admin)
A5: Goal | C5: Decide on pending policy applications.
A6: Trigger / entry | C6: Underwriter opens queue at /underwriter/policies.
A7: Pre-conditions | C7: Policy in PENDING; reviewer has ROLE_UNDERWRITER or ROLE_ADMIN.
A8: Post-conditions | C8: Policy ACTIVE with start/end dates (or REJECTED with reason); customer notified.
A9: Services involved | C9: Angular SPA, Gateway, Product-Svc, Trigger-Svc, Notification-Svc
A10: Service hop chain | C10: SPA -> Gateway -> PRODUCT-SERVICE -> PRODUCT -> PRODUCT-SERVICE
A12: Step | B12: Actor | C12: UI screen / route (component) | D12: User / system action | E12: Frontend call (NgRx action -> Angular service) | F12: HTTP | G12: Endpoint (via Gateway :8080 unless internal) | H12: Target service | I12: Handler method | J12: Service method(s) | K12: Business rules & validations | L12: Inter-service calls (sync REST) | M12: DB tables touched | N12: Status transition | O12: Notifications / audit | P12: Result / UI outcome
A13: 1 | B13: Underwriter | C13: /underwriter/dashboard | D13: Opens dashboard | E13: loadReviewPolicies(), loadAdminPolicies() | F13: GET | G13: /api/policies/review/pending | /api/policies/admin/all | H13: PRODUCT-SERVICE | I13: PolicyHandler.getPendingPolicies / getAllPolicies | J13: PolicyService.getPendingPolicies() / getAllPolicies() | K13: UNDERWRITER / ADMIN. | L13: - | M13: read | N13: - | O13: - | P13: KPI cards + pending queue
A14: 2 | B14: Underwriter | C14: /underwriter/policies/:policyId (UnderwriterPolicyDetailComponent) | D14: Opens application | E14: loadAdminPolicy(); PolicyService.getPolicySnapshot(); UserService.getUser() | F14: GET | G14: /api/policies/admin/{policyId} | /api/policies/{policyId}/snapshot | /api/users/{userId} | H14: PRODUCT / AUTH | I14: PolicyHandler.getPolicy / getPolicySnapshot / UserHandler.getUser | J14: PolicyService.getPolicy(), getPolicySnapshot() / UserProfileService.getUser() | K14: Staff may read any policy and customer profile. | L14: - | M14: read | N14: - | O14: - | P14: Application + captured trigger + applicant details
A15: 3 | B15: Underwriter | C15: /underwriter/policies/:policyId | D15: Clicks 'Approve' | E15: approvePolicy() -> PolicyService.approvePolicy() | F15: PUT | G15: /api/policies/{policyId}/approve | H15: PRODUCT-SERVICE | I15: PolicyHandler.approvePolicy | J15: PolicyService.approvePolicy() | K15: Only PENDING (409 otherwise); zone must be present. startDate = today (or day after the renewed policy ends); endDate = start + termMonths; reviewedBy recorded. | L15: -> Notification-Svc POST /internal/notifications (POLICY_APPROVED); -> Notification-Svc POST /internal/audit-events (POLICY_APPROVED) | M15: policies, policy_status_history | N15: Policy: PENDING -> ACTIVE | O15: Customer notified POLICY_APPROVED | P15: Queue refreshed; decision appears in /underwriter/history
A16: 4 | B16: Underwriter (alt) | C16: /underwriter/policies/:policyId | D16: Clicks 'Reject' with reason | E16: rejectPolicy() -> PolicyService.rejectPolicy() | F16: PUT | G16: /api/policies/{policyId}/reject | H16: PRODUCT-SERVICE | I16: PolicyHandler.rejectPolicy | J16: PolicyService.rejectPolicy() | K16: Only PENDING; reason mandatory, <= 500 chars. | L16: -> Notification-Svc POST /internal/notifications (POLICY_REJECTED); -> Notification-Svc POST /internal/audit-events | M16: policies, policy_status_history | N16: Policy: PENDING -> REJECTED | O16: Customer notified with reason | P16: Queue refreshed
A17: 5 | B17: Underwriter | C17: /underwriter/history (UnderwriterReviewHistoryComponent) | D17: Reviews own decisions | E17: PolicyService.getReviewHistory() | F17: GET | G17: /api/policies/review/history | H17: PRODUCT-SERVICE | I17: PolicyHandler.getReviewHistory | J17: PolicyService.getReviewHistory() | K17: History rows PENDING->ACTIVE/REJECTED changed by caller. | L17: - | M17: read | N17: - | O17: - | P17: Decision history table

Sheet UJ-08
A1: UJ-08 Premium Payment (mock gateway)
A2: <- Back to Overview
A4: Actor(s) | C4: Customer, Admin
A5: Goal | C5: Pay the premium for a policy and confirm the payment.
A6: Trigger / entry | C6: Customer clicks 'Pay premium' on /customer/payments.
A7: Pre-conditions | C7: Policy owned by customer; either bound to a CONSUMED quote or ACTIVE without quote; no SUCCESS payment yet.
A8: Post-conditions | C8: Payment SUCCESS; financial transaction ledger entry; customer notified.
A9: Services involved | C9: Angular SPA, Gateway, Financial-Svc, Product-Svc, Notification-Svc
A10: Service hop chain | C10: SPA -> Gateway -> FINANCIAL -> FINANCIAL-SERVICE
A12: Step | B12: Actor | C12: UI screen / route (component) | D12: User / system action | E12: Frontend call (NgRx action -> Angular service) | F12: HTTP | G12: Endpoint (via Gateway :8080 unless internal) | H12: Target service | I12: Handler method | J12: Service method(s) | K12: Business rules & validations | L12: Inter-service calls (sync REST) | M12: DB tables touched | N12: Status transition | O12: Notifications / audit | P12: Result / UI outcome
A13: 1 | B13: Customer | C13: /customer/payments (CustomerPaymentsComponent) | D13: Opens payments | E13: loadMyPayments(), loadMyPayouts(), loadMyPolicies() | F13: GET | G13: /api/financial/payments/me | /api/financial/payouts/me | /api/policies/me | H13: FINANCIAL / PRODUCT | I13: PaymentHandler.findMine / PayoutHandler.findMine / PolicyHandler.getMyPolicies | J13: - | K13: Customer only. | L13: - | M13: read | N13: - | O13: - | P13: Payments + payouts tabs, payable policies
A14: 2 | B14: Customer | C14: /customer/payments | D14: Chooses policy + method (MOCK_CARD / MOCK_BANK_TRANSFER / MOCK_UPI) -> Pay | E14: createPayment() -> PaymentService.createPayment() | F14: POST | G14: /api/financial/payments | H14: FINANCIAL-SERVICE | I14: PaymentHandler.create | J14: PaymentService.create() | K14: Policy must belong to caller (403); quote optional; 409 if a SUCCESS payment already exists; amount = policy premium; attemptNumber = count + 1. | L14: Financial -> Product-Svc GET /internal/policies/{policyId}; -> Notification-Svc POST /internal/audit-events (PAYMENT_CREATED); -> Notification-Svc POST /internal/notifications (PAYMENT_PENDING) | M14: payments | N14: Payment: -> PENDING | O14: PAYMENT_PENDING | P14: Payment row PENDING
A15: 3 | B15: Admin | C15: /admin/payments (AdminPaymentsComponent) | D15: Confirms payment | E15: markPaymentSuccess() -> PaymentService.markSuccess() | F15: PUT | G15: /api/financial/payments/{paymentId}/success | H15: FINANCIAL-SERVICE | I15: PaymentHandler.success | J15: PaymentService.success() | K15: ADMIN only; only PENDING; optional externalReference. | L15: -> Notification-Svc POST /internal/audit-events (PAYMENT_SUCCESS); -> Notification-Svc POST /internal/notifications (PAYMENT_SUCCESS) | M15: payments, financial_transactions | N15: Payment: PENDING -> SUCCESS | O15: PAYMENT_SUCCESS to customer | P15: Customer sees SUCCESS
A16: 4 | B16: Admin (alt) | C16: /admin/payments | D16: Marks failed | E16: markPaymentFail() -> PaymentService.markFail() | F16: PUT | G16: /api/financial/payments/{paymentId}/fail | H16: FINANCIAL-SERVICE | I16: PaymentHandler.fail | J16: PaymentService.fail() | K16: Only PENDING; failureReason. | L16: -> Notification-Svc POST /internal/audit-events; -> Notification-Svc POST /internal/notifications (PAYMENT_FAILED) | M16: payments | N16: Payment: PENDING -> FAILED | O16: PAYMENT_FAILED | P16: -
A17: 5 | B17: Admin / Scheduler | C17: /admin/payments or PaymentRetryScheduler (every 5 min) | D17: Retry failed payment | E17: PUT retry (UI) / scheduler | F17: PUT | G17: /api/financial/payments/{paymentId}/retry | H17: FINANCIAL-SERVICE | I17: PaymentHandler.retry | J17: PaymentService.retry() | K17: Only FAILED; attempt + 1. | L17: -> Notification-Svc POST /internal/audit-events; -> Notification-Svc POST /internal/notifications (PAYMENT_RETRY) | M17: payments | N17: Payment: FAILED -> PENDING | O17: PAYMENT_RETRY | P17: -
A18: 6 | B18: Admin (alt) | C18: /admin/payments | D18: Refunds | E18: refundPayment() -> PaymentService.refundPayment() | F18: PUT | G18: /api/financial/payments/{paymentId}/refund | H18: FINANCIAL-SERVICE | I18: PaymentHandler.refund | J18: PaymentService.refund() | K18: Only SUCCESS. | L18: -> Notification-Svc POST /internal/audit-events; -> Notification-Svc POST /internal/notifications (PAYMENT_REFUNDED, REFUND_PROCESSED) | M18: payments, financial_transactions | N18: Payment: SUCCESS -> REFUNDED | O18: Refund notifications | P18: -

Sheet UJ-09
A1: UJ-09 Policy Servicing (view, certificate, renew, auto-renew, cancel)
A2: <- Back to Overview
A4: Actor(s) | C4: Customer
A5: Goal | C5: Manage an existing policy over its life.
A6: Trigger / entry | C6: Customer opens /customer/policies or a policy detail page.
A7: Pre-conditions | C7: Customer owns the policy.
A8: Post-conditions | C8: Certificate downloaded / renewal application created / auto-renew toggled / pending application cancelled.
A9: Services involved | C9: Angular SPA, Gateway, Product-Svc, Trigger-Svc, Financial-Svc, Notification-Svc
A10: Service hop chain | C10: SPA -> Gateway -> PRODUCT-SERVICE
A12: Step | B12: Actor | C12: UI screen / route (component) | D12: User / system action | E12: Frontend call (NgRx action -> Angular service) | F12: HTTP | G12: Endpoint (via Gateway :8080 unless internal) | H12: Target service | I12: Handler method | J12: Service method(s) | K12: Business rules & validations | L12: Inter-service calls (sync REST) | M12: DB tables touched | N12: Status transition | O12: Notifications / audit | P12: Result / UI outcome
A13: 1 | B13: Customer | C13: /customer/policies (CustomerPoliciesComponent) | D13: Lists policies | E13: loadMyPolicies() -> PolicyService.getMyPolicies() | F13: GET | G13: /api/policies/me | H13: PRODUCT-SERVICE | I13: PolicyHandler.getMyPolicies | J13: PolicyService.getMyPolicies() | K13: Optional status filter. | L13: - | M13: read | N13: - | O13: - | P13: Policy cards with status badges
A14: 2 | B14: Customer | C14: /customer/policies/:policyId | D14: Opens detail + trigger | E14: loadMyPolicy(); getPolicySnapshot() | F14: GET | G14: /api/policies/{policyId} | /api/policies/{policyId}/snapshot | H14: PRODUCT-SERVICE | I14: PolicyHandler.getMyPolicy / getPolicySnapshot | J14: - | K14: Own policy only. | L14: - | M14: read | N14: - | O14: - | P14: Detail + captured trigger + measurement status panel
A15: 3 | B15: Customer | C15: /customer/policies/:policyId | D15: Downloads certificate | E15: PolicyService.downloadCertificate() | F15: GET | G15: /api/policies/{policyId}/certificate | H15: PRODUCT-SERVICE | I15: PolicyLifecycleHandler.customerCertificate | J15: PolicyCertificateService.forCustomer() | K15: Own policy. | L15: Product -> Trigger-Svc GET /internal/triggers/zones/{zoneId} | M15: read | N15: - | O15: - | P15: PDF file download
A16: 4 | B16: Customer | C16: /customer/policies/:policyId | D16: Clicks 'Renew' | E16: PolicyService.renewPolicy() | F16: POST | G16: /api/policies/{policyId}/renew | H16: PRODUCT-SERVICE | I16: PolicyLifecycleHandler.renew | J16: PolicyService.renewPolicy() -> createRenewal() | K16: Only ACTIVE or EXPIRED; one pending renewal at a time. | L16: Product -> Financial POST /internal/financial/pricing/calculate; -> Notification-Svc POST /internal/notifications; -> Notification-Svc POST /internal/audit-events (POLICY_RENEWAL_APPLIED) | M16: policies, policy_trigger_snapshots, policy_status_history | N16: New policy: PENDING (renewedFromPolicyId) | O16: POLICY_SUBMITTED | P16: Renewal visible as PENDING
A17: 5 | B17: Customer | C17: /customer/policies/:policyId | D17: Toggles auto-renew | E17: PolicyService.setAutoRenew() | F17: PUT | G17: /api/policies/{policyId}/auto-renew | H17: PRODUCT-SERVICE | I17: PolicyLifecycleHandler.autoRenew | J17: PolicyService.setAutoRenew() | K17: Own policy. | L17: -> Notification-Svc POST /internal/audit-events | M17: policies | N17: autoRenew flag | O17: - | P17: Toggle state
A18: 6 | B18: Customer | C18: /customer/policies/:policyId | D18: Cancels pending application | E18: cancelPolicy() -> PolicyService.cancelPolicy() | F18: PUT | G18: /api/policies/{policyId}/cancel | H18: PRODUCT-SERVICE | I18: PolicyHandler.cancelPolicy | J18: PolicyService.cancelPolicy() | K18: Only PENDING policies can be cancelled. | L18: -> Notification-Svc POST /internal/notifications (POLICY_CANCELLED); -> Notification-Svc POST /internal/audit-events | M18: policies, policy_status_history | N18: Policy: PENDING -> CANCELLED | O18: POLICY_CANCELLED | P18: Status updated
A19: 7 | B19: System | C19: PolicyRenewalScheduler 01:30 daily / PolicyExpiryScheduler 01:00 daily | D19: Auto-renew & expiry | E19: @Scheduled | F19: - | G19: (scheduled) | H19: PRODUCT-SERVICE | I19: - | J19: PolicyService.createAutomaticRenewal() / expirePolicy() | K19: autoRenew on: renewal application 14 days before end; off: reminders at 14 and 3 days; ACTIVE policies with endDate <= today -> EXPIRED. | L19: -> Notification-Svc POST /internal/notifications (POLICY_RENEWAL_DUE, POLICY_EXPIRED) | M19: policies, policy_status_history | N19: Policy: ACTIVE -> EXPIRED | O19: Renewal / expiry notifications | P19: -

Sheet UJ-10
A1: UJ-10 Admin Product Setup & Trigger Threshold Management
A2: <- Back to Overview
A4: Actor(s) | C4: Admin
A5: Goal | C5: Create, configure, activate and tune parametric products.
A6: Trigger / entry | C6: Admin opens /admin/products.
A7: Pre-conditions | C7: Signed in as ADMIN; perils and zones configured.
A8: Post-conditions | C8: Product ACTIVE with complete trigger; threshold history maintained.
A9: Services involved | C9: Angular SPA, Gateway, Product-Svc, Trigger-Svc, Financial-Svc, Notification-Svc
A10: Service hop chain | C10: SPA -> Gateway -> PRODUCT-SERVICE -> FINANCIAL-SERVICE -> PRODUCT-SERVICE
A12: Step | B12: Actor | C12: UI screen / route (component) | D12: User / system action | E12: Frontend call (NgRx action -> Angular service) | F12: HTTP | G12: Endpoint (via Gateway :8080 unless internal) | H12: Target service | I12: Handler method | J12: Service method(s) | K12: Business rules & validations | L12: Inter-service calls (sync REST) | M12: DB tables touched | N12: Status transition | O12: Notifications / audit | P12: Result / UI outcome
A13: 1 | B13: Admin | C13: /admin/products (AdminProductsComponent) | D13: Lists products | E13: loadAdminProducts() -> ProductService.getAdminProducts() | F13: GET | G13: /api/products/admin/all | H13: PRODUCT-SERVICE | I13: ProductHandler.getAllProducts | J13: ProductService.getAllProducts() | K13: ADMIN. | L13: - | M13: read | N13: - | O13: - | P13: All products, all statuses
A14: 2 | B14: Admin | C14: /admin/products/new (AdminProductNewComponent) | D14: Creates product | E14: createProduct() -> ProductService.createProduct() | F14: POST | G14: /api/products | H14: PRODUCT-SERVICE | I14: ProductHandler.createProduct | J14: ProductService.createProduct() | K14: Unique product code (409); valid category; min <= max SI/term; trigger config (peril, measurement type/unit compatible, threshold, operator, aggregation, window, min observations). | L14: -> Notification-Svc POST /internal/notifications (PRODUCT_CREATED); -> Notification-Svc POST /internal/audit-events (PRODUCT_CREATED) | M14: products, coverages | N14: Product: -> DRAFT | O14: PRODUCT_CREATED | P14: Redirect to product list
A15: 3 | B15: Admin | C15: /admin/products/:productId (AdminProductEditComponent) | D15: Edits product | E15: updateProduct() -> ProductService.updateProduct() | F15: PUT | G15: /api/products/{productId} | H15: PRODUCT-SERVICE | I15: ProductHandler.updateProduct | J15: ProductService.updateProduct() | K15: Trigger must remain complete; if trigger changed a threshold-history row is written. | L15: -> Notification-Svc POST /internal/notifications (PRODUCT_UPDATED); -> Notification-Svc POST /internal/audit-events | M15: products, coverages, product_threshold_history | N15: - | O15: PRODUCT_UPDATED | P15: Saved
A16: 4 | B16: Admin | C16: /admin/products | D16: Activates product | E16: updateProductStatus() -> ProductService.updateProductStatus() | F16: PUT | G16: /api/products/{productId}/status | H16: PRODUCT-SERVICE | I16: ProductHandler.updateStatus | J16: ProductService.updateStatus() | K16: ACTIVE requires complete trigger; ARCHIVED requires no open policies. | L16: -> Notification-Svc POST /internal/audit-events (PRODUCT_STATUS_CHANGED) | M16: products | N16: Product: DRAFT -> ACTIVE (-> INACTIVE / ARCHIVED) | O16: - | P16: Product visible in public catalogue
A17: 5 | B17: System | C17: DefaultPricingRuleScheduler (20 s after start, then every 60 s) | D17: Provision default pricing rule | E17: @Scheduled | F17: GET | G17: /internal/products | H17: FINANCIAL-SERVICE | I17: - | J17: DefaultPricingRuleProvisioner.provisionMissingRules() | K17: Creates an ACTIVE default rule for each product lacking one, so quotes/pricing work. | L17: Financial -> Product-Svc GET /internal/products; -> Notification-Svc POST /internal/audit-events | M17: pricing_rules | N17: PricingRule: -> ACTIVE | O17: - | P17: -
A18: 6 | B18: Admin | C18: /admin/product-thresholds -> /admin/products/:id/threshold | D18: Changes threshold with reason | E18: updateProductThreshold() -> ProductService.updateThreshold(); loadProductThresholdHistory() | F18: PUT / GET | G18: /api/products/admin/{productId}/threshold | /api/products/admin/{productId}/threshold-history | H18: PRODUCT-SERVICE | I18: ProductHandler.updateThreshold / getThresholdHistory | J18: ProductService.updateThreshold() / getThresholdHistory() | K18: Peril/measurement/unit compatibility; previous values captured. Existing policies keep their snapshot (existingPoliciesUpdated=false). | L18: -> Notification-Svc POST /internal/audit-events (PRODUCT_THRESHOLD_UPDATED) | M18: products, product_threshold_history | N18: - | O18: - | P18: Old -> new threshold shown with history
A19: 7 | B19: Admin | C19: /admin/products | D19: Archives product | E19: deleteProduct() -> ProductService.deleteProduct() | F19: DELETE | G19: /api/products/{productId} | H19: PRODUCT-SERVICE | I19: ProductHandler.deleteProduct | J19: ProductService.deleteProduct() | K19: Blocked while PENDING/ACTIVE policies exist. | L19: -> Notification-Svc POST /internal/audit-events | M19: products | N19: Product: -> ARCHIVED | O19: - | P19: Removed from list

Sheet UJ-11
A1: UJ-11 Admin Reference Data: Zones, Perils, Pricing Rules
A2: <- Back to Overview
A4: Actor(s) | C4: Admin
A5: Goal | C5: Maintain the geographic zones, peril catalogue and pricing rules used by products, quotes and triggers.
A6: Trigger / entry | C6: Admin opens /admin/zones, /admin/perils or /admin/pricing-rules.
A7: Pre-conditions | C7: Signed in as ADMIN.
A8: Post-conditions | C8: Reference data created/updated with audit trail.
A9: Services involved | C9: Angular SPA, Gateway, Trigger-Svc, Financial-Svc, Product-Svc, Notification-Svc
A10: Service hop chain | C10: SPA -> Gateway -> TRIGGER-SERVICE -> FINANCIAL-SERVICE
A12: Step | B12: Actor | C12: UI screen / route (component) | D12: User / system action | E12: Frontend call (NgRx action -> Angular service) | F12: HTTP | G12: Endpoint (via Gateway :8080 unless internal) | H12: Target service | I12: Handler method | J12: Service method(s) | K12: Business rules & validations | L12: Inter-service calls (sync REST) | M12: DB tables touched | N12: Status transition | O12: Notifications / audit | P12: Result / UI outcome
A13: 1 | B13: Admin | C13: /admin/zones (AdminZonesComponent) | D13: Lists / creates / edits zones | E13: loadZones(), createZone(), updateZone(), updateZoneStatus() | F13: GET / POST / PUT | G13: /api/triggers/zones | /api/triggers/zones/{zoneId} | /api/triggers/zones/{zoneId}/status | H13: TRIGGER-SERVICE :8087 | I13: LocationZoneHandler.getAll / create / update / updateStatus | J13: LocationZoneService.* | K13: ADMIN for writes; unique zone code; lat/long ranges. | L13: -> Notification-Svc POST /internal/audit-events (ZONE_*) | M13: location_zones | N13: Zone: ACTIVE / INACTIVE | O13: - | P13: Zone table + map
A14: 2 | B14: Admin | C14: /admin/zones | D14: Archives zone | E14: archiveZone() -> ZoneService.archiveZone() | F14: DELETE | G14: /api/triggers/zones/{zoneId} | H14: TRIGGER-SERVICE | I14: LocationZoneHandler.archive | J14: LocationZoneService.archive() | K14: 409 if pending/active policies reference the zone. | L14: Trigger -> Product-Svc GET /internal/policies/zone/{zoneId}/has-active; -> Notification-Svc POST /internal/audit-events | M14: location_zones | N14: Zone: -> ARCHIVED | O14: - | P14: -
A15: 3 | B15: Admin | C15: /admin/perils (AdminPerilsComponent) | D15: Manages perils | E15: loadPerils(), createPeril(), updatePeril(), updatePerilStatus(), archivePeril() | F15: GET / POST / PUT / DELETE | G15: /api/triggers/perils | /api/triggers/perils/{perilId} | /api/triggers/perils/{perilId}/status | H15: TRIGGER-SERVICE | I15: PerilHandler.* | J15: PerilService.* | K15: ADMIN for writes; peril type (EXCESS_RAINFALL, FLOOD, DROUGHT, ...) and measurement type/unit. | L15: -> Notification-Svc POST /internal/audit-events | M15: perils | N15: Peril: ACTIVE / INACTIVE / ARCHIVED | O15: - | P15: -
A16: 4 | B16: Admin | C16: /admin/pricing-rules (AdminPricingRulesComponent) | D16: Creates pricing rule | E16: createPricingRule() -> PricingRuleService.createRule() | F16: POST | G16: /api/financial/pricing-rules | H16: FINANCIAL-SERVICE | I16: PricingRuleHandler.create | J16: PricingRuleService.create() | K16: ADMIN; product must be ACTIVE; zone (optional) must be ACTIVE; rates/factors positive. | L16: Financial -> Product-Svc GET /internal/products/{id}; Financial -> Trigger-Svc GET /internal/triggers/zones/{zoneId}; -> Notification-Svc POST /internal/notifications (PRICING_RULE_CREATED); -> Notification-Svc POST /internal/audit-events | M16: pricing_rules | N16: Rule: -> DRAFT/ACTIVE | O16: PRICING_RULE_CREATED | P16: Rule listed
A17: 5 | B17: Admin | C17: /admin/pricing-rules | D17: Updates / changes status / archives | E17: updatePricingRule(), updatePricingRuleStatus(), archivePricingRule() | F17: PUT / PUT / DELETE | G17: /api/financial/pricing-rules/{ruleId} | .../{ruleId}/status | .../{ruleId} | H17: FINANCIAL-SERVICE | I17: PricingRuleHandler.update / updateStatus / archive | J17: PricingRuleService.update() / updateStatus() / archive() | K17: Re-validates product & zone. | L17: -> Notification-Svc POST /internal/notifications (PRICING_RULE_UPDATED); -> Notification-Svc POST /internal/audit-events | M17: pricing_rules | N17: Rule status changes | O17: - | P17: -

Sheet UJ-12
A1: UJ-12 Automatic Parametric Claim via Measurement Console (primary flow)
A2: <- Back to Overview
A4: Actor(s) | C4: Admin (measurement operator), System, Customer
A5: Goal | C5: Record a live measurement; if it breaches any active policy's captured trigger, create a trigger event and automatic claims for every matching policy.
A6: Trigger / entry | C6: Admin enters a current value on /admin/current-measurements.
A7: Pre-conditions | C7: Product ACTIVE; zone ACTIVE; ACTIVE policies with trigger snapshots in that zone.
A8: Post-conditions | C8: VERIFIED trigger event; one AUTO_TRIGGERED claim (SUBMITTED, claimedAmount = sum insured) per matched policy; customers & officers notified.
A9: Services involved | C9: Angular SPA, Gateway, Trigger-Svc, Product-Svc, Claims-Svc, Notification-Svc
A10: Service hop chain | C10: SPA -> Gateway -> PRODUCT -> TRIGGER-SERVICE -> PRODUCT-SERVICE -> TRIGGER-SERVICE -> CLAIMS-SERVICE -> NOTIFICATION-SERVICE -> NOTIFICATION
A12: Step | B12: Actor | C12: UI screen / route (component) | D12: User / system action | E12: Frontend call (NgRx action -> Angular service) | F12: HTTP | G12: Endpoint (via Gateway :8080 unless internal) | H12: Target service | I12: Handler method | J12: Service method(s) | K12: Business rules & validations | L12: Inter-service calls (sync REST) | M12: DB tables touched | N12: Status transition | O12: Notifications / audit | P12: Result / UI outcome
A13: 1 | B13: Admin | C13: /admin/current-measurements (AdminCurrentMeasurementsComponent) | D13: Opens console | E13: productService.getAdminProducts(); zoneService.getActiveZones(); measurementService.getCurrentMeasurements(); ProductService.getAdminMeasurementStatus() | F13: GET | G13: /api/products/admin/all | /api/triggers/zones/active | /api/triggers/current-measurements | /api/products/admin/measurement-status | H13: PRODUCT / TRIGGER | I13: ProductHandler.getAllProducts / getMeasurementStatus; MeasurementHandler.getCurrentMeasurementSnapshots | J13: ProductService.getMeasurementStatus() | K13: Measurement status view pulls current values from Trigger-Svc. | L13: Product -> Trigger-Svc GET /internal/triggers/measurements/current | M13: read | N13: - | O13: - | P13: Grid of product x zone with value vs threshold
A14: 2 | B14: Admin | C14: /admin/current-measurements | D14: Enters current value for product + zone and submits | E14: measurementService.process() | F14: PUT | G14: /api/triggers/current-measurements | H14: TRIGGER-SERVICE :8087 | I14: MeasurementHandler.processCurrentMeasurement | J14: MeasurementService.processCurrentMeasurement() | K14: ADMIN only; idempotencyKey - duplicate request returns previous result; product must be ACTIVE with trigger config; zone must be ACTIVE. | L14: Trigger -> Product-Svc GET /internal/products/{productId} | M14: idempotency_records (check) | N14: - | O14: - | P14: (continues)
A15: 3 | B15: Trigger-Svc (system) | C15: - | D15: Store value & load active policies | E15: ProductTriggerClient.getActivePolicies() | F15: GET | G15: /internal/policies/active-for-trigger?productId&locationZoneId | H15: PRODUCT-SERVICE | I15: InternalPolicyHandler.getEligiblePolicies | J15: ProductService.getEligiblePoliciesForEvent() | K15: ACTIVE policies of product in zone with trigger snapshots. | L15: Trigger -> Product (lb://PRODUCT-SERVICE) | M15: current_measurements (upsert) | N15: - | O15: - | P15: -
A16: 4 | B16: Trigger-Svc (system) | C16: - | D16: Compare value with each policy snapshot | E16: MeasurementService.buildProcessingResult() | F16: - | G16: (internal) | H16: TRIGGER-SERVICE | I16: - | J16: compare(current, snapshot.threshold, snapshot.operator) | K16: Each policy judged against ITS OWN captured threshold/operator. No match -> result matched=false, no event. | L16: - | M16: trigger_events (if matched) | N16: TriggerEvent: -> VERIFIED (ref TEV-<uuid>) | O16: - | P16: -
A17: 5 | B17: Trigger-Svc (system) | C17: - | D17: Create automatic claims | E17: ClaimsServiceClient.createClaimsFromTriggerEvent() | F17: POST | G17: /internal/claims/from-trigger-event | H17: CLAIMS-SERVICE :8083 | I17: ClaimHandler.createClaimsFromTriggerEvent | J17: ClaimService.createClaimsFromTriggerEvent() | K17: Idempotent per (policyId, triggerEventId) -> EXISTING; claimedAmount = sum insured; claimSource AUTO_TRIGGERED; trigger values copied onto claim. | L17: Trigger -> Claims (lb://CLAIMS-SERVICE); Claims -> Notification-Svc POST /internal/notifications (CLAIM_SUBMITTED to customer, pending review to CLAIMS_OFFICER) | M17: claims, claim_timeline | N17: Claim: -> SUBMITTED | O17: CLAIM_SUBMITTED | P17: Per-policy results CREATED / EXISTING / FAILED
A18: 6 | B18: Trigger-Svc (system) | C18: - | D18: Finalise event & audit | E18: triggerEventRepository.save(); NotificationService.audit(); idempotencyService.record() | F18: POST | G18: /internal/audit-events | H18: NOTIFICATION-SERVICE | I18: AuditEventHandler.create | J18: AuditEventService.create() | K18: claimsCreatedCount & processedAt stored on event. | L18: -> Notification-Svc POST /internal/audit-events (MEASUREMENT_RECORDED) | M18: trigger_events, idempotency_records, audit_events | N18: - | O18: Audit | P18: Console shows 'matched N policies, claims created'
A19: 7 | B19: Customer | C19: /customer/dashboard, /customer/claims, header bell | D19: Sees new automatic claim | E19: SSE NotificationPushService.connect(); loadMyClaims() | F19: GET | G19: /api/notifications/me/stream?access_token=... | /api/claims/me | H19: NOTIFICATION / CLAIMS | I19: NotificationHandler.stream / ClaimHandler.getMyClaims | J19: NotificationService.stream() / ClaimService.getMyClaims() | K19: SSE token passed as query param (gateway allows for this path). | L19: - | M19: read | N19: - | O19: Live toast + unread badge | P19: Claim listed as SUBMITTED (AUTO_TRIGGERED)

Sheet UJ-13
A1: UJ-13 Trigger Monitoring, Event Validation & Verification (definition-based flow)
A2: <- Back to Overview
A4: Actor(s) | C4: System (monitor), Admin
A5: Goal | C5: Detect threshold breaches from validated observations and approve them into claims.
A6: Trigger / entry | C6: MonitorRunService scheduled scan (every 60 s) or admin 'Scan now'.
A7: Pre-conditions | C7: ACTIVE trigger definitions; VALIDATED observations (demo feed generates readings every 60 s).
A8: Post-conditions | C8: Trigger event VERIFIED; Product-Svc creates automatic claims for eligible policies; event later PROCESSED.
A9: Services involved | C9: Trigger-Svc, Product-Svc, Claims-Svc, Notification-Svc, Angular SPA
A10: Service hop chain | C10: SPA -> Gateway -> TRIGGER-SERVICE -> CLAIMS-SERVICE -> TRIGGER-SERVICE
A12: Step | B12: Actor | C12: UI screen / route (component) | D12: User / system action | E12: Frontend call (NgRx action -> Angular service) | F12: HTTP | G12: Endpoint (via Gateway :8080 unless internal) | H12: Target service | I12: Handler method | J12: Service method(s) | K12: Business rules & validations | L12: Inter-service calls (sync REST) | M12: DB tables touched | N12: Status transition | O12: Notifications / audit | P12: Result / UI outcome
A13: 1 | B13: System | C13: DemoObservationGenerator (every 60 s, 24 h backfill on start) | D13: Generate readings | E13: @Scheduled generateNextReading() | F13: - | G13: (scheduled) | H13: TRIGGER-SERVICE | I13: - | J13: DemoObservationGenerator.generateReadings() | K13: Enabled by demo.feed.enabled. | L13: - | M13: observations | N13: Observation: RECEIVED/VALIDATED | O13: - | P13: -
A14: 2 | B14: Admin | C14: API only (no SPA screen) | D14: Validates observations | E14: (API) | F14: PUT / POST | G14: /api/triggers/observations/validation/{observationId}/validate | /api/triggers/observations/validation/validate-all | H14: TRIGGER-SERVICE | I14: ObservationValidationHandler.validate / validateAll | J14: ObservationValidationService.validateObservation() / validateAllReceived() | K14: Only RECEIVED observations; only VALIDATED ones count. | L14: - | M14: observations | N14: Observation: RECEIVED -> VALIDATED (or REJECTED) | O14: - | P14: -
A15: 3 | B15: System / Admin | C15: MonitorRunService @Scheduled (60 s) or POST scan | D15: Scan all ACTIVE definitions | E15: runScheduledScan() / triggerManualScan() | F15: POST | G15: /api/triggers/monitor-runs/scan | H15: TRIGGER-SERVICE | I15: MonitorRunHandler.triggerScan | J15: MonitorRunService.executeScan() -> evaluateDefinition() | K15: Skips if a run is RUNNING (409 for manual). Window = now - observationWindowHours; count < min -> INSUFFICIENT_OBSERVATIONS; aggregate (SUM/AVG/MIN/MAX/LATEST) vs threshold -> MATCHED/NOT_MATCHED. | L15: - | M15: monitor_runs, trigger_evaluations, trigger_events | N15: Evaluation: MATCHED; TriggerEvent: -> DETECTED | O15: - | P15: Run summary (observations processed, events created)
A16: 4 | B16: Admin / Officer | C16: /admin/trigger-events (AdminTriggerEventsComponent), /claims-officer/dashboard | D16: Reviews detected events | E16: loadTriggerEvents() -> TriggerEventService.getAllEvents() | F16: GET | G16: /api/triggers/events | /api/triggers/events/status/{status} | H16: TRIGGER-SERVICE | I16: TriggerEventHandler.getAll / getByStatus | J16: TriggerEventService.getAll() | K16: ADMIN / UNDERWRITER / CLAIMS_OFFICER can view. | L16: - | M16: read | N16: - | O16: - | P16: Event list with filters
A17: 5 | B17: Admin | C17: API only (SPA page lists events but has no action buttons) | D17: Starts validation | E17: (API) | F17: PUT | G17: /api/triggers/events/{eventId}/start-validation | H17: TRIGGER-SERVICE | I17: TriggerEventHandler.startValidation | J17: TriggerEventService.startValidation() | K17: Only DETECTED. | L17: -> Notification-Svc POST /internal/audit-events | M17: trigger_events | N17: Event: DETECTED -> UNDER_VALIDATION | O17: - | P17: -
A18: 6 | B18: Admin | C18: API only | D18: Verifies event with notes | E18: (API) | F18: PUT | G18: /api/triggers/events/{eventId}/verify | H18: TRIGGER-SERVICE | I18: TriggerEventHandler.verify -> processDecision | J18: TriggerEventService.verify() | K18: Only UNDER_VALIDATION; notes required. | L18: -> Notification-Svc POST /internal/notifications (TRIGGER_VERIFIED); Trigger -> Product-Svc POST /internal/products/verified-event (errors swallowed); -> Notification-Svc POST /internal/audit-events (TRIGGER_VERIFIED) | M18: trigger_events | N18: Event: UNDER_VALIDATION -> VERIFIED | O18: TRIGGER_VERIFIED | P18: -
A19: 7 | B19: Product-Svc (system) | C19: - | D19: For each ACTIVE policy of product: check eligibility | E19: TriggerServiceClient.getPolicyEligibility() | F19: GET | G19: /internal/triggers/policy/{policyId}/eligibility | H19: TRIGGER-SERVICE | I19: PolicyTriggerEligibilityHandler.checkEligibility | J19: PolicyTriggerEligibilityService.checkEligibility() | K19: Policy ACTIVE, has product/zone/dates; latest VERIFIED/PROCESSED event for product+zone within coverage; event must satisfy the policy snapshot. | L19: Product -> Trigger; Trigger -> Product-Svc GET /internal/policies/{policyId} | M19: read | N19: - | O19: - | P19: eligible + triggerEventId + aggregatedValue
A20: 8 | B20: Product-Svc (system) | C20: - | D20: Create automatic claim per eligible policy | E20: ClaimsServiceClient.createInternalClaim() | F20: POST | G20: /internal/claims | H20: CLAIMS-SERVICE | I20: ClaimHandler.createInternalClaim | J20: ClaimService.createInternalClaim() | K20: Re-checks policy ACTIVE and eligibility; rejects duplicate claim for same event. | L20: Claims -> Product-Svc GET /internal/policies/{id}; Claims -> Trigger-Svc GET /internal/triggers/policy/{policyId}/eligibility | M20: claims, claim_timeline | N20: Claim: -> SUBMITTED (AUTO_TRIGGERED) | O20: - | P20: Response: claimsCreated count
A21: 9 | B21: Admin (alt) | C21: API only | D21: Rejects event | E21: (API) | F21: PUT | G21: /api/triggers/events/{eventId}/reject | H21: TRIGGER-SERVICE | I21: TriggerEventHandler.reject -> processDecision | J21: TriggerEventService.reject() | K21: Only UNDER_VALIDATION. | L21: -> Notification-Svc POST /internal/notifications (TRIGGER_REJECTED); -> Notification-Svc POST /internal/audit-events | M21: trigger_events | N21: Event: UNDER_VALIDATION -> REJECTED | O21: TRIGGER_REJECTED | P21: -
A22: 10 | B22: Admin / Financial-Svc | C22: API only / automatic on payout success | D22: Mark event processed | E22: (API) / TriggerServiceClient.markEventProcessed() | F22: PUT | G22: /api/triggers/events/{eventId}/process | /internal/triggers/events/{eventId}/processed | H22: TRIGGER-SERVICE | I22: TriggerEventHandler.process / markProcessed | J22: TriggerEventService.processEvent() / markEventProcessed() | K22: Only VERIFIED; manual path is idempotent per definition + window. | L22: - | M22: trigger_events, idempotency_records | N22: Event: VERIFIED -> PROCESSED | O22: - | P22: -

Sheet UJ-14
A1: UJ-14 Demo Observation & Threshold Simulation
A2: <- Back to Overview
A4: Actor(s) | C4: Admin
A5: Goal | C5: Demonstrate end-to-end: record an observation that crosses the threshold and watch claims appear.
A6: Trigger / entry | C6: Admin uses the demo API (measurement console 'Generate crossing value').
A7: Pre-conditions | C7: ACTIVE trigger definition for product + zone; ACTIVE policies.
A8: Post-conditions | C8: Observation, evaluation, VERIFIED event and automatic claims created; customers notified.
A9: Services involved | C9: Trigger-Svc, Product-Svc, Claims-Svc, Notification-Svc
A10: Service hop chain | C10: SPA -> Gateway -> TRIGGER-SERVICE -> PRODUCT-SERVICE -> CLAIMS -> TRIGGER-SERVICE
A12: Step | B12: Actor | C12: UI screen / route (component) | D12: User / system action | E12: Frontend call (NgRx action -> Angular service) | F12: HTTP | G12: Endpoint (via Gateway :8080 unless internal) | H12: Target service | I12: Handler method | J12: Service method(s) | K12: Business rules & validations | L12: Inter-service calls (sync REST) | M12: DB tables touched | N12: Status transition | O12: Notifications / audit | P12: Result / UI outcome
A13: 1 | B13: Admin | C13: API only (demo endpoint) | D13: Posts demo observation (validateImmediately, evaluateImmediately, autoVerifyMatchedEvent, createAutomaticClaims) | E13: (API) | F13: POST | G13: /api/triggers/demo/observations | H13: TRIGGER-SERVICE | I13: DemoObservationHandler.recordAndEvaluate | J13: DemoObservationService.recordAndEvaluate() | K13: ADMIN; definition must exist, be ACTIVE and match zone/measurement. | L13: - | M13: observations | N13: Observation: RECEIVED -> VALIDATED | O13: - | P13: -
A14: 2 | B14: Trigger-Svc (system) | C14: - | D14: Evaluate definition | E14: TriggerEvaluationService.evaluate() | F14: - | G14: (internal) | H14: TRIGGER-SERVICE | I14: - | J14: evaluate() -> evaluateDefinition() | K14: Aggregate VALIDATED observations in window vs threshold. | L14: - | M14: trigger_evaluations | N14: Evaluation: MATCHED / NOT_MATCHED / INSUFFICIENT | O14: - | P14: -
A15: 3 | B15: Trigger-Svc (system) | C15: - | D15: Create event (dedup per window) and auto-verify | E15: createEventIfRequired(), autoVerifyEvent() | F15: - | G15: (internal) | H15: TRIGGER-SERVICE | I15: - | J15: - | K15: Existing non-rejected event for same definition+window reused. | L15: - | M15: trigger_events | N15: Event: DETECTED -> VERIFIED | O15: - | P15: -
A16: 4 | B16: Trigger-Svc (system) | C16: - | D16: Find eligible policies | E16: ProductTriggerClient.getEligiblePoliciesForEvent() | F16: GET | G16: /internal/policies/active-for-trigger | H16: PRODUCT-SERVICE | I16: InternalPolicyHandler.getEligiblePolicies | J16: ProductService.getEligiblePoliciesForEvent() | K16: ACTIVE, same zone, coverage overlaps event window. | L16: Trigger -> Product | M16: read | N16: - | O16: - | P16: -
A17: 5 | B17: Trigger-Svc (system) | C17: - | D17: Create claims + customer notifications | E17: ClaimsServiceClient.createClaimsFromTriggerEvent(); InternalNotificationClient.createInternalNotification() | F17: POST | G17: /internal/claims/from-trigger-event | /internal/notifications | H17: CLAIMS / NOTIFICATION | I17: ClaimHandler.createClaimsFromTriggerEvent / NotificationHandler.create | J17: ClaimService.createClaimsFromTriggerEvent() / NotificationService.create() | K17: Notification idempotency key AUTO_CLAIM:<claimId>:CUSTOMER:<customerId>. | L17: Trigger -> Claims; Trigger -> Notification | M17: claims, claim_timeline, notifications | N17: Claim: -> SUBMITTED | O17: AUTOMATIC_CLAIM_CREATED | P17: DemoObservationResponse with evaluation, event, claims created
A18: 6 | B18: Admin (alt) | C18: API | D18: Simulate threshold crossing for a product | E18: (API) | F18: POST | G18: /api/triggers/demo/simulate | H18: TRIGGER-SERVICE | I18: DemoSimulationHandler.simulateThresholdCrossing | J18: DemoSimulationService.simulateThresholdCrossing() | K18: ADMIN; generates crossing observations per zone. | L18: - | M18: observations, trigger_evaluations, trigger_events | N18: - | O18: - | P18: Per-zone simulation results

Sheet UJ-15
A1: UJ-15 Customer Manual Claim (exception) with Evidence
A2: <- Back to Overview
A4: Actor(s) | C4: Customer
A5: Goal | C5: Claim when a loss occurred but no automatic claim was created (or file a trigger claim manually).
A6: Trigger / entry | C6: Customer opens /customer/claims/new.
A7: Pre-conditions | C7: Customer owns an ACTIVE policy.
A8: Post-conditions | C8: Claim SUBMITTED (AUTO_TRIGGERED if eligible, else MANUAL_EXCEPTION flagged for manual review) with documents.
A9: Services involved | C9: Angular SPA, Gateway, Claims-Svc, Product-Svc, Trigger-Svc, Notification-Svc
A10: Service hop chain | C10: SPA -> Gateway -> PRODUCT-SERVICE -> CLAIMS-SERVICE
A12: Step | B12: Actor | C12: UI screen / route (component) | D12: User / system action | E12: Frontend call (NgRx action -> Angular service) | F12: HTTP | G12: Endpoint (via Gateway :8080 unless internal) | H12: Target service | I12: Handler method | J12: Service method(s) | K12: Business rules & validations | L12: Inter-service calls (sync REST) | M12: DB tables touched | N12: Status transition | O12: Notifications / audit | P12: Result / UI outcome
A13: 1 | B13: Customer | C13: /customer/claims/new (CustomerClaimNewComponent) | D13: Opens form | E13: loadMyPolicies(); PolicyService.getPolicySnapshot() | F13: GET | G13: /api/policies/me | /api/policies/{policyId}/snapshot | H13: PRODUCT-SERVICE | I13: PolicyHandler.getMyPolicies / getPolicySnapshot | J13: - | K13: Only ACTIVE policies selectable. | L13: - | M13: read | N13: - | O13: - | P13: Policy picker + trigger explanation
A14: 2 | B14: Customer | C14: /customer/claims/new | D14: Submits claim (incident date/type/location, amount, claimSource, evidence, confirmation) | E14: createClaim() -> ClaimService.createClaim() | F14: POST | G14: /api/claims | H14: CLAIMS-SERVICE :8083 | I14: ClaimHandler.createClaim | J14: ClaimService.createClaim() | K14: Policy owned & ACTIVE; incident within coverage. MANUAL_EXCEPTION: customerConfirmedLoss=true + evidenceDescription required, no duplicate manual claim same date. AUTO: Trigger-Svc must return eligible, incident matches trigger, no duplicate for event. | L14: Claims -> Product-Svc GET /internal/policies/{id}; (auto) Claims -> Trigger-Svc GET /internal/triggers/policy/{policyId}/eligibility; -> Notification-Svc POST /internal/notifications (CLAIM_SUBMITTED / MANUAL_CLAIM_SUBMITTED, pending review); -> Notification-Svc POST /internal/audit-events (CLAIM_SUBMITTED) | M14: claims, claim_timeline | N14: Claim: -> SUBMITTED (manualReviewRequired for MANUAL_EXCEPTION) | O14: Customer + claims officers notified | P14: (continues with upload)
A15: 3 | B15: Customer | C15: /customer/claims/new (same effect) | D15: Uploads photos / PDFs | E15: createClaim$ effect -> ClaimService.uploadDocuments() | F15: POST (multipart) | G15: /api/claims/{claimId}/documents | H15: CLAIMS-SERVICE | I15: ClaimDocumentHandler.upload | J15: ClaimDocumentService.upload() | K15: Own claim; allowed file types/size; stored on disk (~/.cityshield/uploads). | L15: -> Notification-Svc POST /internal/audit-events | M15: claim_documents (+ files) | N15: - | O15: - | P15: Redirect to claim detail
A16: 4 | B16: Customer | C16: /customer/claims/:claimId (CustomerClaimDetailComponent) | D16: Tracks claim | E16: loadMyClaim(); getMyClaimTimeline(); getMyDocuments() | F16: GET | G16: /api/claims/{claimId} | /api/claims/{claimId}/timeline | /api/claims/{claimId}/documents | H16: CLAIMS-SERVICE | I16: ClaimHandler.getMyClaim / getMyClaimTimeline; ClaimDocumentHandler.listMine | J16: - | K16: Own claim. | L16: - | M16: read | N16: - | O16: - | P16: Status, timeline, documents
A17: 5 | B17: Customer (alt) | C17: /customer/claims/:claimId | D17: Cancels claim | E17: cancelClaim() -> ClaimService.cancelClaim() | F17: PUT | G17: /api/claims/{claimId}/cancel | H17: CLAIMS-SERVICE | I17: ClaimHandler.cancelClaim | J17: ClaimService.cancelClaim() | K17: Only SUBMITTED. | L17: -> Notification-Svc POST /internal/notifications (CLAIM_CANCELLED); -> Notification-Svc POST /internal/audit-events | M17: claims, claim_timeline | N17: Claim: SUBMITTED -> CANCELLED | O17: CLAIM_CANCELLED | P17: -

Sheet UJ-16
A1: UJ-16 Claims Officer Review (start, approve -> payout, reject, settle)
A2: <- Back to Overview
A4: Actor(s) | C4: Claims Officer (or Admin)
A5: Goal | C5: Adjudicate submitted claims and trigger payout.
A6: Trigger / entry | C6: Officer opens /claims-officer/claims.
A7: Pre-conditions | C7: Claims in SUBMITTED; officer has ROLE_CLAIMS_OFFICER (ROLE_CLAIMS_REVIEWER mapped to CLAIMS_OFFICER by gateway) or ADMIN.
A8: Post-conditions | C8: Claim APPROVED with PENDING payout (or REJECTED); later SETTLED.
A9: Services involved | C9: Angular SPA, Gateway, Claims-Svc, Financial-Svc, Notification-Svc
A10: Service hop chain | C10: SPA -> Gateway -> CLAIMS -> CLAIMS-SERVICE -> FINANCIAL-SERVICE -> CLAIMS-SERVICE
A12: Step | B12: Actor | C12: UI screen / route (component) | D12: User / system action | E12: Frontend call (NgRx action -> Angular service) | F12: HTTP | G12: Endpoint (via Gateway :8080 unless internal) | H12: Target service | I12: Handler method | J12: Service method(s) | K12: Business rules & validations | L12: Inter-service calls (sync REST) | M12: DB tables touched | N12: Status transition | O12: Notifications / audit | P12: Result / UI outcome
A13: 1 | B13: Claims Officer | C13: /claims-officer/dashboard, /claims-officer/claims | D13: Opens queue | E13: loadSubmittedClaims(), loadTriggerEvents() | F13: GET | G13: /api/claims/review/submitted | /api/triggers/events | H13: CLAIMS / TRIGGER | I13: ClaimHandler.getSubmittedClaims / TriggerEventHandler.getAll | J13: ClaimService.getSubmittedClaims() | K13: CLAIMS_OFFICER / ADMIN. | L13: - | M13: read | N13: - | O13: - | P13: Queue of SUBMITTED + UNDER_REVIEW claims
A14: 2 | B14: Claims Officer | C14: /claims-officer/claims/:claimId (ClaimsOfficerClaimDetailComponent) | D14: Opens claim | E14: loadReviewClaim(); getReviewDocuments(); downloadReviewDocument() | F14: GET | G14: /api/claims/review/{claimId} | /api/claims/review/{claimId}/documents | .../documents/{documentId} | H14: CLAIMS-SERVICE | I14: ClaimHandler.getClaim; ClaimDocumentHandler.listForReview / downloadForReview | J14: ClaimService.getClaim(); ClaimDocumentService.listForStaff() | K14: Staff access to any claim. | L14: - | M14: read | N14: - | O14: - | P14: Claim, trigger evidence, documents
A15: 3 | B15: Claims Officer | C15: /claims-officer/claims/:claimId | D15: Starts review | E15: startClaimReview() -> ClaimService.startReview() | F15: PUT | G15: /api/claims/{claimId}/start-review | H15: CLAIMS-SERVICE | I15: ClaimHandler.startReview | J15: ClaimService.startReview() | K15: Only SUBMITTED. | L15: -> Notification-Svc POST /internal/notifications (CLAIM_UNDER_REVIEW); -> Notification-Svc POST /internal/audit-events (CLAIM_REVIEW_STARTED) | M15: claims, claim_timeline | N15: Claim: SUBMITTED -> UNDER_REVIEW | O15: CLAIM_UNDER_REVIEW | P15: -
A16: 4 | B16: Claims Officer | C16: /claims-officer/claims/:claimId | D16: Approves with amount | E16: approveClaim() -> ClaimService.approveClaim() | F16: PUT | G16: /api/claims/{claimId}/approve | H16: CLAIMS-SERVICE | I16: ClaimHandler.approveClaim | J16: ClaimService.approveClaim() then ClaimService.requestPayout() | K16: Only UNDER_REVIEW; approvedAmount > 0 and <= claimedAmount. | L16: -> Notification-Svc POST /internal/notifications (CLAIM_APPROVED); -> Notification-Svc POST /internal/audit-events (CLAIM_APPROVED) | M16: claims, claim_timeline | N16: Claim: UNDER_REVIEW -> APPROVED | O16: CLAIM_APPROVED | P16: (continues - payout)
A17: 5 | B17: Claims-Svc (system) | C17: - | D17: Request payout | E17: FinancialServiceClient.createPayoutForClaim() | F17: POST | G17: /internal/financial/payouts | H17: FINANCIAL-SERVICE | I17: PayoutHandler.createInternal | J17: PayoutService.create() | K17: Claim must be APPROVED with approvedAmount; one payout per claim (409 swallowed by caller). | L17: Claims -> Financial; Financial -> Claims-Svc GET /internal/claims/{claimId}; -> Notification-Svc POST /internal/audit-events (PAYOUT_CREATED); -> Notification-Svc POST /internal/notifications (PAYOUT_PENDING) | M17: payouts, financial_transactions | N17: Payout: -> PENDING | O17: PAYOUT_PENDING | P17: Officer sees APPROVED; customer sees pending payout
A18: 6 | B18: Claims Officer (alt) | C18: /claims-officer/claims/:claimId | D18: Rejects with reason | E18: rejectClaim() -> ClaimService.rejectClaim() | F18: PUT | G18: /api/claims/{claimId}/reject | H18: CLAIMS-SERVICE | I18: ClaimHandler.rejectClaim | J18: ClaimService.rejectClaim() | K18: Only UNDER_REVIEW; reason required. | L18: -> Notification-Svc POST /internal/notifications (CLAIM_REJECTED); -> Notification-Svc POST /internal/audit-events | M18: claims, claim_timeline | N18: Claim: UNDER_REVIEW -> REJECTED | O18: CLAIM_REJECTED | P18: -
A19: 7 | B19: Claims Officer | C19: API (no dedicated button in SPA) | D19: Settles claim | E19: (API) ClaimService.settleClaim() | F19: PUT | G19: /api/claims/{claimId}/settle | H19: CLAIMS-SERVICE | I19: ClaimHandler.settleClaim | J19: ClaimService.settleClaim() | K19: Only APPROVED. | L19: -> Notification-Svc POST /internal/notifications (CLAIM_SETTLED); -> Notification-Svc POST /internal/audit-events | M19: claims, claim_timeline | N19: Claim: APPROVED -> SETTLED | O19: CLAIM_SETTLED | P19: -
A20: 8 | B20: Claims Officer | C20: /claims-officer/history | D20: Reviews own decisions | E20: ClaimService.getReviewHistory() | F20: GET | G20: /api/claims/review/history | H20: CLAIMS-SERVICE | I20: ClaimHandler.getReviewHistory | J20: ClaimService.getReviewHistory() | K20: Decisions by caller. | L20: - | M20: read | N20: - | O20: - | P20: History table

Sheet UJ-17
A1: UJ-17 Payout Disbursement & Receipt
A2: <- Back to Overview
A4: Actor(s) | C4: Admin, Customer
A5: Goal | C5: Pay approved claim amounts to customers and provide receipts.
A6: Trigger / entry | C6: Admin opens /admin/payouts.
A7: Pre-conditions | C7: Payout PENDING (created on claim approval or manually).
A8: Post-conditions | C8: Payout SUCCESS; ledger entry; trigger event PROCESSED; customer receipt available.
A9: Services involved | C9: Angular SPA, Gateway, Financial-Svc, Trigger-Svc, Product-Svc, Notification-Svc
A10: Service hop chain | C10: SPA -> Gateway -> FINANCIAL-SERVICE
A12: Step | B12: Actor | C12: UI screen / route (component) | D12: User / system action | E12: Frontend call (NgRx action -> Angular service) | F12: HTTP | G12: Endpoint (via Gateway :8080 unless internal) | H12: Target service | I12: Handler method | J12: Service method(s) | K12: Business rules & validations | L12: Inter-service calls (sync REST) | M12: DB tables touched | N12: Status transition | O12: Notifications / audit | P12: Result / UI outcome
A13: 1 | B13: Admin | C13: /admin/payouts (AdminPayoutsComponent) | D13: Lists payouts | E13: loadPayouts() -> PayoutService.getAllPayouts() | F13: GET | G13: /api/financial/payouts/admin/all | H13: FINANCIAL-SERVICE | I13: PayoutHandler.findAll | J13: PayoutService.findAll() | K13: ADMIN. | L13: - | M13: read | N13: - | O13: - | P13: Payout table
A14: 2 | B14: Claims Officer / Admin (alt) | C14: API | D14: Manually creates payout for approved claim | E14: createPayout() -> PayoutService.createPayout() | F14: POST | G14: /api/financial/payouts | H14: FINANCIAL-SERVICE | I14: PayoutHandler.create | J14: PayoutService.create() | K14: CLAIMS_OFFICER or ADMIN; claim APPROVED; no existing payout. | L14: Financial -> Claims-Svc GET /internal/claims/{claimId}; -> Notification-Svc POST /internal/audit-events; -> Notification-Svc POST /internal/notifications (PAYOUT_PENDING) | M14: payouts, financial_transactions | N14: Payout: -> PENDING | O14: PAYOUT_PENDING | P14: -
A15: 3 | B15: Admin | C15: /admin/payouts | D15: Processes payout | E15: processPayout() -> PayoutService.processPayout() | F15: PUT | G15: /api/financial/payouts/{payoutId}/process | H15: FINANCIAL-SERVICE | I15: PayoutHandler.process | J15: PayoutService.process() | K15: Only PENDING. | L15: -> Notification-Svc POST /internal/audit-events (PAYOUT_PROCESSING) | M15: payouts | N15: Payout: PENDING -> PROCESSING | O15: - | P15: -
A16: 4 | B16: Admin | C16: /admin/payouts | D16: Marks success | E16: markPayoutSuccess() -> PayoutService.markSuccess() | F16: PUT | G16: /api/financial/payouts/{payoutId}/success | H16: FINANCIAL-SERVICE | I16: PayoutHandler.success | J16: PayoutService.success() | K16: Only PROCESSING; optional externalReference. | L16: -> Notification-Svc POST /internal/audit-events (PAYOUT_SUCCESS); -> Notification-Svc POST /internal/notifications (PAYOUT_PROCESSED); Financial -> Trigger-Svc PUT /internal/triggers/events/{eventId}/processed (if triggerEventId) | M16: payouts, financial_transactions, (trigger) trigger_events | N16: Payout: PROCESSING -> SUCCESS; TriggerEvent: VERIFIED -> PROCESSED | O16: PAYOUT_PROCESSED to customer | P16: -
A17: 5 | B17: Admin (alt) | C17: /admin/payouts | D17: Marks failed / retries | E17: markPayoutFail(), retryPayout() | F17: PUT | G17: /api/financial/payouts/{payoutId}/fail | /api/financial/payouts/{payoutId}/retry | H17: FINANCIAL-SERVICE | I17: PayoutHandler.fail / retry | J17: PayoutService.fail() / retry() | K17: fail: only PROCESSING; retry: only FAILED (PayoutRetryScheduler also retries every 5 min). | L17: -> Notification-Svc POST /internal/audit-events; -> Notification-Svc POST /internal/notifications (PAYOUT_FAILED / PAYOUT_RETRY) | M17: payouts | N17: PROCESSING -> FAILED; FAILED -> PENDING | O17: Failure / retry notices | P17: -
A18: 6 | B18: Customer | C18: /customer/payments?tab=payouts (CustomerPaymentsComponent) | D18: Downloads receipt | E18: PayoutService.downloadReceipt() | F18: GET | G18: /api/financial/payouts/{payoutId}/receipt | H18: FINANCIAL-SERVICE | I18: PayoutReceiptHandler.customerReceipt | J18: PayoutReceiptService.receiptForCustomer() | K18: Own payout. | L18: Financial -> Product-Svc GET /internal/policies/{policyId} | M18: read | N18: - | O18: - | P18: PDF receipt
A19: 7 | B19: Admin | C19: /admin/payouts | D19: Downloads receipt | E19: PayoutService.downloadAdminReceipt() | F19: GET | G19: /api/financial/payouts/admin/{payoutId}/receipt | H19: FINANCIAL-SERVICE | I19: PayoutReceiptHandler.adminReceipt | J19: PayoutReceiptService.receiptForAdmin() | K19: ADMIN. | L19: Financial -> Product-Svc GET /internal/policies/{policyId} | M19: read | N19: - | O19: - | P19: PDF receipt

Sheet UJ-18
A1: UJ-18 Notifications, Real-time Push, Preferences & Audit
A2: <- Back to Overview
A4: Actor(s) | C4: All roles
A5: Goal | C5: Receive and manage notifications; staff/admin review audit trails.
A6: Trigger / entry | C6: Any signed-in user; layout header starts notification polling/stream.
A7: Pre-conditions | C7: Signed in.
A8: Post-conditions | C8: Notifications read/deleted; preferences saved; admins can resend/batch.
A9: Services involved | C9: Angular SPA, Gateway, Notification-Svc
A10: Service hop chain | C10: SPA -> Gateway -> NOTIFICATION-SERVICE
A12: Step | B12: Actor | C12: UI screen / route (component) | D12: User / system action | E12: Frontend call (NgRx action -> Angular service) | F12: HTTP | G12: Endpoint (via Gateway :8080 unless internal) | H12: Target service | I12: Handler method | J12: Service method(s) | K12: Business rules & validations | L12: Inter-service calls (sync REST) | M12: DB tables touched | N12: Status transition | O12: Notifications / audit | P12: Result / UI outcome
A13: 1 | B13: Any user | C13: Layout header (bell) | D13: App starts push | E13: startNotificationPolling() -> NotificationPushService.connect() (EventSource) | F13: GET (SSE) | G13: /api/notifications/me/stream?access_token=<jwt> | H13: NOTIFICATION-SERVICE :8085 | I13: NotificationHandler.stream | J13: NotificationService.stream() (NotificationStream Flux) | K13: Gateway accepts token from query for this path only. | L13: - | M13: - | N13: - | O13: Live notifications | P13: Toast + badge
A14: 2 | B14: Any user | C14: Header / poll tick | D14: Unread badge | E14: loadUnreadCount() -> NotificationService.getUnreadCount() | F14: GET | G14: /api/notifications/me/unread-count | H14: NOTIFICATION-SERVICE | I14: NotificationHandler.count | J14: NotificationService.unreadCount() | K14: Recipient = user id, customer id or role. | L14: - | M14: read | N14: - | O14: - | P14: Badge number
A15: 3 | B15: Customer / Staff | C15: /customer/notifications, /underwriter|/claims-officer/notifications | D15: Views list | E15: loadNotifications() -> getMyNotifications() / getMyNotificationsCreatedAfter() | F15: GET | G15: /api/notifications/me | H15: NOTIFICATION-SERVICE | I15: NotificationHandler.mine | J15: NotificationService.mine(query) | K15: Paging, type & createdAfter filters. | L15: - | M15: read | N15: - | O15: - | P15: List
A16: 4 | B16: Customer / Staff | C16: notifications page | D16: Marks read / all read / deletes | E16: markAsRead(), markAllAsRead(), deleteNotification() | F16: PUT / PUT / DELETE | G16: /api/notifications/{id}/read | /api/notifications/me/read-all | /api/notifications/{id} | H16: NOTIFICATION-SERVICE | I16: NotificationHandler.read / readAll / delete | J16: NotificationService.markRead() / markAllRead() / delete() | K16: Own notifications only. | L16: - | M16: notifications | N16: read = true | O16: - | P16: Badge updates
A17: 5 | B17: Customer | C17: /customer/notifications | D17: Sets preferences | E17: loadPreferences(), upsertPreference() | F17: GET / PUT | G17: /api/notifications/me/preferences | H17: NOTIFICATION-SERVICE | I17: NotificationPreferenceHandler.myPreferences / upsert | J17: NotificationPreferenceService.myPreferences() / upsert() | K17: Per notification type + channel. | L17: - | M17: notification_preferences | N17: - | O17: - | P17: Saved
A18: 6 | B18: Admin | C18: /admin/notifications (AdminNotificationsComponent) | D18: Manages all notifications | E18: loadAllNotifications(), adminMarkAsRead(), adminDelete() | F18: GET / PUT / DELETE | G18: /api/notifications/admin/all | /api/notifications/admin/{id}/read | /api/notifications/admin/{id} | H18: NOTIFICATION-SERVICE | I18: NotificationHandler.all / adminRead / adminDelete | J18: NotificationService.allPage() / adminMarkRead() / adminDelete() | K18: ADMIN. | L18: - | M18: notifications | N18: - | O18: - | P18: Admin table
A19: 7 | B19: Admin | C19: /admin/notifications | D19: Templates, batch, failed | E19: loadTemplates(), createTemplate(), sendBatch(), loadFailedNotifications() | F19: GET / POST | G19: /api/notifications/admin/templates | /api/notifications/admin/batch | /api/notifications/admin/failed | /api/notifications/from-template | H19: NOTIFICATION-SERVICE | I19: NotificationTemplateHandler.* / NotificationHandler.batch / failed / fromTemplate | J19: NotificationTemplateService.* / NotificationService.batch() | K19: ADMIN. | L19: - | M19: notification_templates, notifications, delivery_attempts | N19: - | O19: - | P19: -
A20: 8 | B20: Admin / Staff | C20: /admin/audit (scope ALL), /*/activity (scope MINE) | D20: Audit history | E20: loadAuditEvents() / loadMyAuditEvents() | F20: GET | G20: /api/notifications/admin/audit | /api/notifications/audit/me | H20: NOTIFICATION-SERVICE | I20: AuditEventHandler.all / mine | J20: AuditEventService.all() / mine() | K20: ALL requires ADMIN. | L20: - | M20: read audit_events | N20: - | O20: - | P20: Audit table
A21: 9 | B21: System | C21: NotificationScheduler | D21: Retry failed deliveries (every 5 min) / clean old (03:00) | E21: @Scheduled | F21: - | G21: (scheduled) | H21: NOTIFICATION-SERVICE | I21: - | J21: retryFailedDeliveries() / cleanupOldNotifications() | K21: - | L21: - | M21: notifications, delivery_attempts | N21: - | O21: - | P21: -

Sheet UJ-19
A1: UJ-19 Admin User Management & Dashboards
A2: <- Back to Overview
A4: Actor(s) | C4: Admin
A5: Goal | C5: Oversee users and platform KPIs.
A6: Trigger / entry | C6: Admin opens /admin/dashboard or /admin/users.
A7: Pre-conditions | C7: Signed in as ADMIN.
A8: Post-conditions | C8: User statuses managed; KPIs visible.
A9: Services involved | C9: Angular SPA, Gateway, Auth-Svc, Product-Svc, Financial-Svc
A10: Service hop chain | C10: SPA -> Gateway -> PRODUCT -> AUTH-SERVICE -> PRODUCT -> TRIGGER
A12: Step | B12: Actor | C12: UI screen / route (component) | D12: User / system action | E12: Frontend call (NgRx action -> Angular service) | F12: HTTP | G12: Endpoint (via Gateway :8080 unless internal) | H12: Target service | I12: Handler method | J12: Service method(s) | K12: Business rules & validations | L12: Inter-service calls (sync REST) | M12: DB tables touched | N12: Status transition | O12: Notifications / audit | P12: Result / UI outcome
A13: 1 | B13: Admin | C13: /admin/dashboard (AdminDashboardComponent) | D13: Opens dashboard | E13: loadAdminPolicies(), loadAdminProducts(), loadPayouts(), loadUsers() | F13: GET | G13: /api/policies/admin/all | /api/products/admin/all | /api/financial/payouts/admin/all | /api/users | H13: PRODUCT / FINANCIAL / AUTH | I13: PolicyHandler.getAllPolicies / ProductHandler.getAllProducts / PayoutHandler.findAll / UserHandler.getAllUsers | J13: - | K13: ADMIN. | L13: - | M13: read | N13: - | O13: - | P13: KPI stat cards
A14: 2 | B14: Admin | C14: /admin/users (AdminUsersComponent) | D14: Searches users | E14: loadUsers() -> UserService.getAllUsers() | F14: GET | G14: /api/users?status&segment | H14: AUTH-SERVICE | I14: UserHandler.getAllUsers | J14: UserProfileService.getAllUsers() | K14: ADMIN. | L14: - | M14: read | N14: - | O14: - | P14: User table
A15: 3 | B15: Admin | C15: /admin/users/:userId (AdminUserDetailComponent) | D15: Views user | E15: loadUser() -> UserService.getUser() | F15: GET | G15: /api/users/{userId} | H15: AUTH-SERVICE | I15: UserHandler.getUser | J15: UserProfileService.getUser() | K15: ADMIN / UNDERWRITER / CLAIMS_OFFICER. | L15: - | M15: read | N15: - | O15: - | P15: Profile
A16: 4 | B16: Admin | C16: /admin/users | D16: Suspends / reactivates | E16: updateUserStatus() -> UserService.updateUserStatus() | F16: PUT | G16: /api/users/{userId}/status | H16: AUTH-SERVICE | I16: UserHandler.updateStatus | J16: UserProfileService.updateStatus() | K16: ADMIN; ACTIVE/SUSPENDED/INACTIVE. | L16: -> Notification-Svc POST /internal/audit-events (USER_STATUS_CHANGED) | M16: users_credentials | N16: User: ACTIVE <-> SUSPENDED / INACTIVE | O16: - | P16: Status badge updates
A17: 5 | B17: Admin | C17: /admin/policies, /admin/claims (+ detail pages) | D17: Oversees policies & claims | E17: loadAdminPolicies(), loadAdminClaims(), loadAdminClaim(), getAdminClaimTimeline(), downloadAdminCertificate() | F17: GET | G17: /api/policies/admin/all | /api/claims/admin/all | /api/claims/admin/{claimId} | /api/claims/admin/{claimId}/timeline | /api/policies/admin/{policyId}/certificate | H17: PRODUCT / CLAIMS | I17: PolicyHandler.* / ClaimHandler.getAllClaims / getClaim / getClaimTimeline | J17: - | K17: ADMIN. | L17: - | M17: read | N17: - | O17: - | P17: Read-only oversight views
A18: 6 | B18: Any role | C18: /customer|/admin/zone-map (ZoneMapPageComponent) | D18: Views zone risk map | E18: measurementService.getZoneMeasurements(); zoneService.getActiveZones(); policyService.getMyPolicies()/getAllPolicies() | F18: GET | G18: /api/triggers/measurements/zones | /api/triggers/zones/active | /api/policies/me or /api/policies/admin/all | H18: TRIGGER / PRODUCT | I18: ZoneMeasurementRouter lambda / LocationZoneHandler.getActive / PolicyHandler.* | J18: ZoneMeasurementService.latestPerZone() | K18: Customers see own policies; admin sees all. | L18: - | M18: read | N18: - | O18: - | P18: Map with latest weather per zone

Sheet UJ-20
A1: UJ-20 Background System Jobs (no user)
A2: <- Back to Overview
A4: Actor(s) | C4: System schedulers
A5: Goal | C5: Keep policies, payments, payouts, pricing and triggers consistent without manual action.
A6: Trigger / entry | C6: Spring @Scheduled timers.
A7: Pre-conditions | C7: Services running.
A8: Post-conditions | C8: Expired policies, renewals, retries, reminders, reconciliation, monitor runs executed.
A9: Services involved | C9: Product-Svc, Financial-Svc, Trigger-Svc, Notification-Svc
A10: Service hop chain | C10: SPA -> Gateway -> PRODUCT-SERVICE -> FINANCIAL-SERVICE -> TRIGGER-SERVICE -> NOTIFICATION-SERVICE
A12: Step | B12: Actor | C12: UI screen / route (component) | D12: User / system action | E12: Frontend call (NgRx action -> Angular service) | F12: HTTP | G12: Endpoint (via Gateway :8080 unless internal) | H12: Target service | I12: Handler method | J12: Service method(s) | K12: Business rules & validations | L12: Inter-service calls (sync REST) | M12: DB tables touched | N12: Status transition | O12: Notifications / audit | P12: Result / UI outcome
A13: 1 | B13: System | C13: PolicyExpiryScheduler - cron 0 0 1 * * ? | D13: Expire policies | E13: @Scheduled expirePolicies() | F13: - | G13: - | H13: PRODUCT-SERVICE | I13: - | J13: expirePolicy() | K13: ACTIVE and endDate <= today. | L13: -> Notification-Svc POST /internal/notifications (POLICY_EXPIRED) | M13: policies, policy_status_history | N13: ACTIVE -> EXPIRED | O13: POLICY_EXPIRED | P13: -
A14: 2 | B14: System | C14: PolicyRenewalScheduler - cron 0 30 1 * * ? | D14: Renewal sweep | E14: @Scheduled runRenewalSweep() | F14: - | G14: - | H14: PRODUCT-SERVICE | I14: - | J14: PolicyService.createAutomaticRenewal() | K14: autoRenew & <= 14 days left -> renewal application; else reminders at 14 and 3 days. | L14: Product -> Financial pricing; -> Notification-Svc POST /internal/notifications (POLICY_RENEWAL_DUE) | M14: policies | N14: new PENDING renewal | O14: POLICY_RENEWAL_DUE | P14: -
A15: 3 | B15: System | C15: DefaultPricingRuleScheduler - initial 20 s, fixedDelay 60 s | D15: Provision default pricing rules | E15: @Scheduled syncDefaultRules() | F15: GET | G15: /internal/products | H15: FINANCIAL-SERVICE | I15: - | J15: DefaultPricingRuleProvisioner.provisionMissingRules() | K15: One default rule per product without a rule. | L15: Financial -> Product | M15: pricing_rules | N15: - | O15: - | P15: -
A16: 4 | B16: System | C16: PaymentRetryScheduler - cron 0 */5 * * * * | D16: Retry failed payments | E16: @Scheduled retryFailedPayments() | F16: - | G16: - | H16: FINANCIAL-SERVICE | I16: - | J16: - | K16: FAILED payments with attemptNumber < 3 -> PENDING, attempt + 1. | L16: -> Notification-Svc POST /internal/notifications (PAYMENT_RETRY); -> Notification-Svc POST /internal/audit-events | M16: payments | N16: FAILED -> PENDING | O16: - | P16: -
A17: 5 | B17: System | C17: PayoutRetryScheduler - cron 0 */5 * * * * | D17: Retry failed payouts | E17: @Scheduled retryFailedPayouts() | F17: - | G17: - | H17: FINANCIAL-SERVICE | I17: - | J17: - | K17: FAILED payouts with retryCount < 3 -> PENDING, retryCount + 1. | L17: -> Notification-Svc POST /internal/notifications (PAYOUT_RETRY); -> Notification-Svc POST /internal/audit-events | M17: payouts | N17: FAILED -> PENDING | O17: - | P17: -
A18: 6 | B18: System | C18: PremiumReminderScheduler - cron 0 0 9 * * * | D18: Premium due / overdue reminders | E18: @Scheduled sendPremiumReminders() | F18: - | G18: - | H18: FINANCIAL-SERVICE | I18: - | J18: sendReminder() | K18: Latest SUCCESS payment per policy -> next due date. | L18: -> Notification-Svc POST /internal/notifications (PREMIUM_DUE / PREMIUM_OVERDUE) | M18: - | N18: - | O18: Reminder | P18: -
A19: 7 | B19: System | C19: ReconciliationScheduler - cron 0 30 3 * * * | D19: Reconcile ledger | E19: @Scheduled runReconciliation() | F19: - | G19: - | H19: FINANCIAL-SERVICE | I19: - | J19: reconcilePayment() / reconcilePayout() | K19: SUCCESS/REFUNDED payments & SUCCESS payouts vs financial_transactions. | L19: -> Notification-Svc POST /internal/notifications (RECONCILIATION_COMPLETED / DISCREPANCY) | M19: reconciliation_records | N19: - | O19: Admin notice | P19: -
A20: 8 | B20: System | C20: MonitorRunService - fixedDelay 60 s | D20: Trigger monitor scan | E20: @Scheduled runScheduledScan() | F20: - | G20: - | H20: TRIGGER-SERVICE | I20: - | J20: executeScan() | K20: See UJ-13. | L20: - | M20: monitor_runs, trigger_evaluations, trigger_events | N20: -> DETECTED | O20: - | P20: -
A21: 9 | B21: System | C21: DemoObservationGenerator - fixedDelay 60 s (demo.feed.enabled) | D21: Generate demo weather readings | E21: @Scheduled generateNextReading() | F21: - | G21: - | H21: TRIGGER-SERVICE | I21: - | J21: generateReadings() | K21: 24 h backfill on startup. | L21: - | M21: observations | N21: - | O21: - | P21: -
A22: 10 | B22: System | C22: NotificationScheduler - cron 0 */5 * * * * / 0 0 3 * * * | D22: Retry deliveries / cleanup | E22: @Scheduled | F22: - | G22: - | H22: NOTIFICATION-SERVICE | I22: - | J22: retryFailedDeliveries() / cleanupOldNotifications() | K22: - | L22: - | M22: notifications, delivery_attempts | N22: - | O22: - | P22: -
